Step,Epsilon_2,p,q,specificVoid
1,0.0001,504.336,13.1453,1.9599
2,0.0002,508.138,24.6086,1.95979
3,0.0003,511.568,34.9119,1.95968
4,0.0004,514.719,44.3521,1.95958
5,0.0005,517.65,53.1193,1.95947
6,0.0006,520.393,61.3529,1.95937
7,0.0007,522.985,69.1331,1.95926
8,0.0008,525.446,76.5288,1.95916
9,0.0009,527.8,83.5913,1.95905
10,0.001,530.055,90.3633,1.95895
11,0.0011,532.226,96.8777,1.95884
12,0.0012,534.319,103.162,1.95874
13,0.0013,536.333,109.241,1.95864
14,0.0014,538.288,115.132,1.95853
15,0.0015,540.184,120.851,1.95843
16,0.0016,542.035,126.413,1.95833
17,0.0017,543.831,131.83,1.95823
18,0.0018,545.586,137.113,1.95813
19,0.0019,547.304,142.271,1.95803
20,0.002,548.982,147.313,1.95793
21,0.0021,550.619,152.247,1.95783
22,0.0022,552.223,157.078,1.95773
23,0.0023,553.784,161.812,1.95763
24,0.0024,555.324,166.456,1.95753
25,0.0025,556.837,171.015,1.95743
26,0.0026,558.319,175.492,1.95733
27,0.0027,559.766,179.891,1.95723
28,0.0028,561.203,184.218,1.95714
29,0.0029,562.614,188.474,1.95704
30,0.003,564.002,192.664,1.95694
31,0.0031,565.363,196.789,1.95685
32,0.0032,566.711,200.854,1.95675
33,0.0033,568.041,204.86,1.95666
34,0.0034,569.341,208.809,1.95656
35,0.0035,570.624,212.703,1.95647
36,0.0036,571.883,216.544,1.95637
37,0.0037,573.13,220.336,1.95628
38,0.0038,574.36,224.08,1.95619
39,0.0039,575.585,227.778,1.95609
40,0.004,576.797,231.432,1.956
41,0.0041,577.987,235.041,1.95591
42,0.0042,579.169,238.609,1.95582
43,0.0043,580.328,242.135,1.95572
44,0.0044,581.479,245.622,1.95563
45,0.0045,582.62,249.07,1.95554
46,0.0046,583.733,252.479,1.95545
47,0.0047,584.842,255.853,1.95536
48,0.0048,585.942,259.192,1.95527
49,0.0049,587.034,262.498,1.95518
50,0.005,588.118,265.772,1.95509
51,0.0051,589.191,269.014,1.955
52,0.0052,590.254,272.223,1.95491
53,0.0053,591.305,275.402,1.95482
54,0.0054,592.342,278.55,1.95473
55,0.0055,593.357,281.665,1.95465
56,0.0056,594.378,284.756,1.95456
57,0.0057,595.387,287.818,1.95447
58,0.0058,596.389,290.853,1.95438
59,0.0059,597.376,293.86,1.9543
60,0.006,598.356,296.842,1.95421
61,0.0061,599.333,299.8,1.95412
62,0.0062,600.298,302.731,1.95404
63,0.0063,601.252,305.638,1.95395
64,0.0064,602.203,308.521,1.95387
65,0.0065,603.134,311.378,1.95378
66,0.0066,604.07,314.216,1.9537
67,0.0067,604.996,317.031,1.95361
68,0.0068,605.914,319.823,1.95353
69,0.0069,606.823,322.593,1.95344
70,0.007,607.726,325.342,1.95336
71,0.0071,608.621,328.07,1.95327
72,0.0072,609.51,330.778,1.95319
73,0.0073,610.391,333.465,1.95311
74,0.0074,611.27,336.134,1.95302
75,0.0075,612.136,338.781,1.95294
76,0.0076,613.003,341.412,1.95286
77,0.0077,613.85,344.018,1.95278
78,0.0078,614.695,346.608,1.95269
79,0.0079,615.54,349.182,1.95261
80,0.008,616.375,351.737,1.95253
81,0.0081,617.21,354.276,1.95245
82,0.0082,618.023,356.791,1.95237
83,0.0083,618.828,359.289,1.95229
84,0.0084,619.644,361.776,1.95221
85,0.0085,620.442,364.242,1.95213
86,0.0086,621.237,366.692,1.95205
87,0.0087,622.036,369.13,1.95197
88,0.0088,622.815,371.546,1.95189
89,0.0089,623.59,373.946,1.95181
90,0.009,624.374,376.338,1.95173
91,0.0091,625.136,378.707,1.95165
92,0.0092,625.898,381.063,1.95157
93,0.0093,626.667,383.409,1.95149
94,0.0094,627.42,385.736,1.95142
95,0.0095,628.174,388.052,1.95134
96,0.0096,628.927,390.355,1.95126
97,0.0097,629.677,392.644,1.95118
98,0.0098,630.408,394.913,1.95111
99,0.0099,631.139,397.17,1.95103
100,0.01,631.87,399.417,1.95095
101,0.0101,632.603,401.652,1.95087
102,0.0102,633.319,403.869,1.9508
103,0.0103,634.028,406.071,1.95072
104,0.0104,634.736,408.262,1.95065
105,0.0105,635.448,410.445,1.95057
106,0.0106,636.154,412.613,1.95049
107,0.0107,636.845,414.764,1.95042
108,0.0108,637.524,416.899,1.95034
109,0.0109,638.207,419.026,1.95027
110,0.011,638.9,421.146,1.95019
111,0.0111,639.58,423.252,1.95012
112,0.0112,640.255,425.344,1.95004
113,0.0113,640.921,427.423,1.94997
114,0.0114,641.591,429.494,1.9499
115,0.0115,642.266,431.558,1.94982
116,0.0116,642.923,433.604,1.94975
117,0.0117,643.586,435.644,1.94967
118,0.0118,644.239,437.669,1.9496
119,0.0119,644.889,439.684,1.94953
120,0.012,645.543,441.692,1.94946
121,0.0121,646.192,443.688,1.94938
122,0.0122,646.834,445.672,1.94931
123,0.0123,647.469,447.643,1.94924
124,0.0124,648.093,449.6,1.94917
125,0.0125,648.712,451.546,1.94909
126,0.0126,649.337,453.487,1.94902
127,0.0127,649.968,455.423,1.94895
128,0.0128,650.588,457.344,1.94888
129,0.0129,651.208,459.257,1.94881
130,0.013,651.809,461.152,1.94874
131,0.0131,652.411,463.039,1.94867
132,0.0132,653.011,464.918,1.9486
133,0.0133,653.617,466.792,1.94852
134,0.0134,654.226,468.661,1.94845
135,0.0135,654.827,470.517,1.94838
136,0.0136,655.423,472.362,1.94831
137,0.0137,656.009,474.195,1.94824
138,0.0138,656.589,476.016,1.94817
139,0.0139,657.162,477.825,1.94811
140,0.014,657.737,479.63,1.94804
141,0.0141,658.319,481.431,1.94797
142,0.0142,658.903,483.226,1.9479
143,0.0143,659.48,485.01,1.94783
144,0.0144,660.053,486.784,1.94776
145,0.0145,660.616,488.545,1.94769
146,0.0146,661.16,490.289,1.94762
147,0.0147,661.726,492.039,1.94756
148,0.0148,662.292,493.782,1.94749
149,0.0149,662.858,495.519,1.94742
150,0.015,663.419,497.247,1.94735
151,0.0151,663.976,498.964,1.94728
152,0.0152,664.528,500.673,1.94722
153,0.0153,665.074,502.371,1.94715
154,0.0154,665.615,504.058,1.94708
155,0.0155,666.148,505.735,1.94702
156,0.0156,666.667,507.398,1.94695
157,0.0157,667.2,509.063,1.94688
158,0.0158,667.736,510.723,1.94682
159,0.0159,668.273,512.379,1.94675
160,0.016,668.806,514.025,1.94668
161,0.0161,669.336,515.664,1.94662
162,0.0162,669.86,517.293,1.94655
163,0.0163,670.381,518.913,1.94649
164,0.0164,670.895,520.524,1.94642
165,0.0165,671.406,522.126,1.94635
166,0.0166,671.909,523.717,1.94629
167,0.0167,672.409,525.301,1.94622
168,0.0168,672.904,526.876,1.94616
169,0.0169,673.399,528.445,1.9461
170,0.017,673.901,530.014,1.94603
171,0.0171,674.407,531.579,1.94597
172,0.0172,674.908,533.136,1.9459
173,0.0173,675.408,534.686,1.94584
174,0.0174,675.9,536.226,1.94577
175,0.0175,676.394,537.761,1.94571
176,0.0176,676.874,539.283,1.94565
177,0.0177,677.365,540.805,1.94558
178,0.0178,677.844,542.315,1.94552
179,0.0179,678.325,543.82,1.94546
180,0.018,678.8,545.317,1.94539
181,0.0181,679.272,546.806,1.94533
182,0.0182,679.746,548.292,1.94527
183,0.0183,680.223,549.775,1.9452
184,0.0184,680.701,551.253,1.94514
185,0.0185,681.175,552.723,1.94508
186,0.0186,681.647,554.187,1.94502
187,0.0187,682.114,555.643,1.94495
188,0.0188,682.578,557.091,1.94489
189,0.0189,683.037,558.531,1.94483
190,0.019,683.493,559.964,1.94477
191,0.0191,683.944,561.389,1.94471
192,0.0192,684.391,562.805,1.94465
193,0.0193,684.832,564.214,1.94458
194,0.0194,685.275,565.619,1.94452
195,0.0195,685.714,567.016,1.94446
196,0.0196,686.151,568.408,1.9444
197,0.0197,686.591,569.796,1.94434
198,0.0198,687.035,571.184,1.94428
199,0.0199,687.483,572.569,1.94422
200,0.02,687.928,573.949,1.94416
201,0.0201,688.371,575.321,1.9441
202,0.0202,688.81,576.687,1.94404
203,0.0203,689.246,578.046,1.94398
204,0.0204,689.678,579.398,1.94392
205,0.0205,690.106,580.742,1.94386
206,0.0206,690.531,582.08,1.9438
207,0.0207,690.951,583.409,1.94374
208,0.0208,691.367,584.732,1.94368
209,0.0209,691.779,586.047,1.94362
210,0.021,692.186,587.353,1.94356
211,0.0211,692.589,588.653,1.9435
212,0.0212,692.987,589.944,1.94344
213,0.0213,693.381,591.229,1.94338
214,0.0214,693.777,592.511,1.94333
215,0.0215,694.178,593.794,1.94327
216,0.0216,694.587,595.078,1.94321
217,0.0217,695,596.36,1.94315
218,0.0218,695.407,597.635,1.94309
219,0.0219,695.817,598.907,1.94303
220,0.022,696.216,600.168,1.94298
221,0.0221,696.62,601.426,1.94292
222,0.0222,697.007,602.67,1.94286
223,0.0223,697.403,603.916,1.9428
224,0.0224,697.795,605.156,1.94274
225,0.0225,698.187,606.39,1.94269
226,0.0226,698.573,607.617,1.94263
227,0.0227,698.957,608.838,1.94257
228,0.0228,699.337,610.053,1.94252
229,0.0229,699.714,611.261,1.94246
230,0.023,700.087,612.461,1.9424
231,0.0231,700.447,613.649,1.94235
232,0.0232,700.824,614.846,1.94229
233,0.0233,701.202,616.04,1.94223
234,0.0234,701.579,617.23,1.94218
235,0.0235,701.956,618.417,1.94212
236,0.0236,702.334,619.6,1.94206
237,0.0237,702.714,620.782,1.94201
238,0.0238,703.091,621.958,1.94195
239,0.0239,703.47,623.131,1.9419
240,0.024,703.842,624.295,1.94184
241,0.0241,704.214,625.456,1.94178
242,0.0242,704.582,626.61,1.94173
243,0.0243,704.95,627.761,1.94167
244,0.0244,705.319,628.908,1.94162
245,0.0245,705.677,630.045,1.94156
246,0.0246,706.039,631.179,1.94151
247,0.0247,706.391,632.305,1.94145
248,0.0248,706.749,633.429,1.9414
249,0.0249,707.104,634.549,1.94134
250,0.025,707.452,635.66,1.94129
251,0.0251,707.801,636.767,1.94123
252,0.0252,708.144,637.867,1.94118
253,0.0253,708.488,638.964,1.94112
254,0.0254,708.824,640.051,1.94107
255,0.0255,709.154,641.131,1.94102
256,0.0256,709.49,642.211,1.94096
257,0.0257,709.817,643.282,1.94091
258,0.0258,710.149,644.352,1.94085
259,0.0259,710.474,645.414,1.9408
260,0.026,710.793,646.468,1.94075
261,0.0261,711.119,647.525,1.94069
262,0.0262,711.447,648.58,1.94064
263,0.0263,711.775,649.633,1.94059
264,0.0264,712.105,650.684,1.94053
265,0.0265,712.438,651.733,1.94048
266,0.0266,712.769,652.779,1.94043
267,0.0267,713.102,653.823,1.94038
268,0.0268,713.433,654.863,1.94032
269,0.0269,713.762,655.897,1.94027
270,0.027,714.088,656.927,1.94022
271,0.0271,714.416,657.954,1.94016
272,0.0272,714.739,658.975,1.94011
273,0.0273,715.057,659.989,1.94006
274,0.0274,715.38,661.002,1.94001
275,0.0275,715.696,662.009,1.93995
276,0.0276,716.015,663.014,1.9399
277,0.0277,716.328,664.011,1.93985
278,0.0278,716.643,665.007,1.9398
279,0.0279,716.95,665.995,1.93975
280,0.028,717.263,666.982,1.9397
281,0.0281,717.565,667.959,1.93964
282,0.0282,717.874,668.938,1.93959
283,0.0283,718.17,669.904,1.93954
284,0.0284,718.476,670.874,1.93949
285,0.0285,718.765,671.83,1.93944
286,0.0286,719.067,672.791,1.93939
287,0.0287,719.357,673.742,1.93934
288,0.0288,719.656,674.694,1.93929
289,0.0289,719.941,675.635,1.93923
290,0.029,720.236,676.579,1.93918
291,0.0291,720.52,677.513,1.93913
292,0.0292,720.809,678.447,1.93908
293,0.0293,721.088,679.371,1.93903
294,0.0294,721.374,680.296,1.93898
295,0.0295,721.652,681.214,1.93893
296,0.0296,721.931,682.129,1.93888
297,0.0297,722.204,683.036,1.93883
298,0.0298,722.479,683.942,1.93878
299,0.0299,722.75,684.843,1.93873
300,0.03,723.019,685.738,1.93868
301,0.0301,723.286,686.629,1.93863
302,0.0302,723.553,687.519,1.93858
303,0.0303,723.823,688.408,1.93853
304,0.0304,724.097,689.299,1.93848
305,0.0305,724.374,690.19,1.93843
306,0.0306,724.654,691.08,1.93839
307,0.0307,724.936,691.97,1.93834
308,0.0308,725.216,692.856,1.93829
309,0.0309,725.496,693.738,1.93824
310,0.031,725.774,694.617,1.93819
311,0.0311,726.051,695.493,1.93814
312,0.0312,726.327,696.364,1.93809
313,0.0313,726.601,697.232,1.93804
314,0.0314,726.874,698.097,1.93799
315,0.0315,727.145,698.957,1.93794
316,0.0316,727.415,699.814,1.9379
317,0.0317,727.683,700.668,1.93785
318,0.0318,727.951,701.518,1.9378
319,0.0319,728.216,702.364,1.93775
320,0.032,728.48,703.206,1.9377
321,0.0321,728.743,704.045,1.93765
322,0.0322,729.005,704.88,1.93761
323,0.0323,729.264,705.711,1.93756
324,0.0324,729.523,706.539,1.93751
325,0.0325,729.78,707.363,1.93746
326,0.0326,730.035,708.183,1.93741
327,0.0327,730.288,708.999,1.93737
328,0.0328,730.537,709.81,1.93732
329,0.0329,730.784,710.615,1.93727
330,0.033,731.029,711.417,1.93722
331,0.0331,731.27,712.215,1.93718
332,0.0332,731.524,713.018,1.93713
333,0.0333,731.766,713.812,1.93708
334,0.0334,732.017,714.61,1.93704
335,0.0335,732.257,715.398,1.93699
336,0.0336,732.506,716.188,1.93694
337,0.0337,732.745,716.97,1.93689
338,0.0338,732.984,717.748,1.93685
339,0.0339,733.212,718.516,1.9368
340,0.034,733.45,719.287,1.93675
341,0.0341,733.677,720.05,1.93671
342,0.0342,733.913,720.816,1.93666
343,0.0343,734.139,721.574,1.93662
344,0.0344,734.373,722.333,1.93657
345,0.0345,734.599,723.086,1.93652
346,0.0346,734.83,723.84,1.93648
347,0.0347,735.056,724.588,1.93643
348,0.0348,735.285,725.336,1.93638
349,0.0349,735.509,726.077,1.93634
350,0.035,735.727,726.811,1.93629
351,0.0351,735.946,727.544,1.93625
352,0.0352,736.162,728.272,1.9362
353,0.0353,736.379,728.999,1.93616
354,0.0354,736.596,729.724,1.93611
355,0.0355,736.813,730.447,1.93606
356,0.0356,737.03,731.167,1.93602
357,0.0357,737.247,731.887,1.93597
358,0.0358,737.465,732.605,1.93593
359,0.0359,737.686,733.323,1.93588
360,0.036,737.908,734.042,1.93584
361,0.0361,738.133,734.76,1.93579
362,0.0362,738.358,735.476,1.93575
363,0.0363,738.582,736.191,1.9357
364,0.0364,738.807,736.903,1.93566
365,0.0365,739.03,737.612,1.93561
366,0.0366,739.252,738.319,1.93557
367,0.0367,739.474,739.023,1.93552
368,0.0368,739.694,739.723,1.93548
369,0.0369,739.914,740.421,1.93543
370,0.037,740.132,741.117,1.93539
371,0.0371,740.349,741.809,1.93534
372,0.0372,740.565,742.498,1.9353
373,0.0373,740.78,743.185,1.93526
374,0.0374,740.995,743.869,1.93521
375,0.0375,741.208,744.549,1.93517
376,0.0376,741.42,745.227,1.93512
377,0.0377,741.63,745.903,1.93508
378,0.0378,741.84,746.575,1.93503
379,0.0379,742.049,747.244,1.93499
380,0.038,742.257,747.911,1.93495
381,0.0381,742.463,748.575,1.9349
382,0.0382,742.668,749.236,1.93486
383,0.0383,742.873,749.894,1.93481
384,0.0384,743.076,750.549,1.93477
385,0.0385,743.278,751.202,1.93473
386,0.0386,743.479,751.851,1.93468
387,0.0387,743.679,752.498,1.93464
388,0.0388,743.878,753.142,1.9346
389,0.0389,744.075,753.784,1.93455
390,0.039,744.272,754.422,1.93451
391,0.0391,744.467,755.058,1.93447
392,0.0392,744.661,755.691,1.93442
393,0.0393,744.855,756.321,1.93438
394,0.0394,745.047,756.948,1.93434
395,0.0395,745.238,757.572,1.9343
396,0.0396,745.427,758.194,1.93425
397,0.0397,745.616,758.813,1.93421
398,0.0398,745.803,759.429,1.93417
399,0.0399,745.99,760.043,1.93412
400,0.04,746.175,760.654,1.93408
401,0.0401,746.359,761.262,1.93404
402,0.0402,746.542,761.867,1.934
403,0.0403,746.724,762.469,1.93395
404,0.0404,746.905,763.069,1.93391
405,0.0405,747.084,763.666,1.93387
406,0.0406,747.263,764.26,1.93383
407,0.0407,747.44,764.852,1.93379
408,0.0408,747.616,765.441,1.93374
409,0.0409,747.791,766.027,1.9337
410,0.041,747.965,766.61,1.93366
411,0.0411,748.137,767.191,1.93362
412,0.0412,748.309,767.769,1.93358
413,0.0413,748.479,768.344,1.93353
414,0.0414,748.648,768.917,1.93349
415,0.0415,748.816,769.487,1.93345
416,0.0416,748.983,770.054,1.93341
417,0.0417,749.149,770.618,1.93337
418,0.0418,749.314,771.18,1.93333
419,0.0419,749.477,771.739,1.93328
420,0.042,749.639,772.296,1.93324
421,0.0421,749.8,772.85,1.9332
422,0.0422,749.96,773.401,1.93316
423,0.0423,750.119,773.949,1.93312
424,0.0424,750.276,774.495,1.93308
425,0.0425,750.433,775.038,1.93304
426,0.0426,750.588,775.579,1.933
427,0.0427,750.742,776.117,1.93296
428,0.0428,750.895,776.652,1.93292
429,0.0429,751.046,777.185,1.93287
430,0.043,751.197,777.715,1.93283
431,0.0431,751.346,778.244,1.93279
432,0.0432,751.504,778.778,1.93275
433,0.0433,751.663,779.312,1.93271
434,0.0434,751.82,779.843,1.93267
435,0.0435,751.977,780.372,1.93263
436,0.0436,752.133,780.899,1.93259
437,0.0437,752.288,781.424,1.93255
438,0.0438,752.444,781.948,1.93251
439,0.0439,752.601,782.472,1.93247
440,0.044,752.758,782.995,1.93243
441,0.0441,752.918,783.519,1.93239
442,0.0442,753.078,784.042,1.93235
443,0.0443,753.239,784.565,1.93231
444,0.0444,753.401,785.086,1.93227
445,0.0445,753.563,785.607,1.93223
446,0.0446,753.724,786.125,1.93219
447,0.0447,753.885,786.642,1.93215
448,0.0448,754.045,787.157,1.93211
449,0.0449,754.204,787.669,1.93207
450,0.045,754.363,788.18,1.93203
451,0.0451,754.521,788.689,1.93199
452,0.0452,754.678,789.195,1.93195
453,0.0453,754.835,789.7,1.93191
454,0.0454,754.99,790.203,1.93187
455,0.0455,755.146,790.703,1.93183
456,0.0456,755.3,791.202,1.93179
457,0.0457,755.454,791.698,1.93175
458,0.0458,755.607,792.192,1.93171
459,0.0459,755.759,792.685,1.93167
460,0.046,755.91,793.175,1.93163
461,0.0461,756.061,793.664,1.93159
462,0.0462,756.211,794.15,1.93155
463,0.0463,756.36,794.634,1.93151
464,0.0464,756.508,795.116,1.93147
465,0.0465,756.656,795.597,1.93144
466,0.0466,756.803,796.075,1.9314
467,0.0467,756.949,796.551,1.93136
468,0.0468,757.094,797.025,1.93132
469,0.0469,757.238,797.497,1.93128
470,0.047,757.382,797.968,1.93124
471,0.0471,757.525,798.436,1.9312
472,0.0472,757.668,798.902,1.93116
473,0.0473,757.809,799.366,1.93112
474,0.0474,757.95,799.829,1.93109
475,0.0475,758.09,800.289,1.93105
476,0.0476,758.229,800.747,1.93101
477,0.0477,758.367,801.203,1.93097
478,0.0478,758.505,801.658,1.93093
479,0.0479,758.642,802.11,1.93089
480,0.048,758.778,802.561,1.93085
481,0.0481,758.913,803.009,1.93082
482,0.0482,759.048,803.455,1.93078
483,0.0483,759.181,803.9,1.93074
484,0.0484,759.314,804.343,1.9307
485,0.0485,759.447,804.783,1.93066
486,0.0486,759.578,805.222,1.93063
487,0.0487,759.709,805.659,1.93059
488,0.0488,759.838,806.094,1.93055
489,0.0489,759.968,806.526,1.93051
490,0.049,760.096,806.957,1.93047
491,0.0491,760.223,807.387,1.93044
492,0.0492,760.35,807.814,1.9304
493,0.0493,760.476,808.239,1.93036
494,0.0494,760.601,808.662,1.93032
495,0.0495,760.726,809.084,1.93028
496,0.0496,760.849,809.503,1.93025
497,0.0497,760.972,809.921,1.93021
498,0.0498,761.094,810.336,1.93017
499,0.0499,761.215,810.75,1.93013
500,0.05,761.336,811.162,1.9301
501,0.0501,761.456,811.572,1.93006
502,0.0502,761.575,811.981,1.93002
503,0.0503,761.693,812.387,1.92999
504,0.0504,761.81,812.791,1.92995
505,0.0505,761.927,813.194,1.92991
506,0.0506,762.042,813.595,1.92987
507,0.0507,762.157,813.993,1.92984
508,0.0508,762.272,814.39,1.9298
509,0.0509,762.385,814.785,1.92976
510,0.051,762.498,815.179,1.92973
511,0.0511,762.61,815.57,1.92969
512,0.0512,762.721,815.96,1.92965
513,0.0513,762.831,816.347,1.92962
514,0.0514,762.941,816.733,1.92958
515,0.0515,763.049,817.117,1.92954
516,0.0516,763.157,817.5,1.92951
517,0.0517,763.264,817.88,1.92947
518,0.0518,763.371,818.259,1.92943
519,0.0519,763.476,818.636,1.9294
520,0.052,763.581,819.011,1.92936
521,0.0521,763.685,819.384,1.92932
522,0.0522,763.789,819.755,1.92929
523,0.0523,763.891,820.125,1.92925
524,0.0524,763.993,820.493,1.92921
525,0.0525,764.094,820.858,1.92918
526,0.0526,764.194,821.223,1.92914
527,0.0527,764.293,821.585,1.9291
528,0.0528,764.392,821.946,1.92907
529,0.0529,764.489,822.306,1.92903
530,0.053,764.593,822.668,1.929
531,0.0531,764.691,823.026,1.92896
532,0.0532,764.787,823.38,1.92892
533,0.0533,764.882,823.732,1.92889
534,0.0534,764.975,824.082,1.92885
535,0.0535,765.068,824.43,1.92882
536,0.0536,765.16,824.776,1.92878
537,0.0537,765.251,825.121,1.92875
538,0.0538,765.341,825.463,1.92871
539,0.0539,765.431,825.804,1.92867
540,0.054,765.52,826.143,1.92864
541,0.0541,765.608,826.481,1.9286
542,0.0542,765.695,826.817,1.92857
543,0.0543,765.782,827.151,1.92853
544,0.0544,765.867,827.483,1.9285
545,0.0545,765.953,827.814,1.92846
546,0.0546,766.037,828.142,1.92843
547,0.0547,766.121,828.47,1.92839
548,0.0548,766.203,828.795,1.92836
549,0.0549,766.285,829.12,1.92832
550,0.055,766.367,829.442,1.92829
551,0.0551,766.447,829.763,1.92825
552,0.0552,766.527,830.081,1.92822
553,0.0553,766.606,830.399,1.92818
554,0.0554,766.685,830.715,1.92815
555,0.0555,766.764,831.03,1.92811
556,0.0556,766.843,831.346,1.92808
557,0.0557,766.925,831.663,1.92804
558,0.0558,767.008,831.981,1.92801
559,0.0559,767.094,832.3,1.92797
560,0.056,767.183,832.622,1.92794
561,0.0561,767.274,832.946,1.9279
562,0.0562,767.367,833.271,1.92787
563,0.0563,767.463,833.598,1.92783
564,0.0564,767.559,833.924,1.9278
565,0.0565,767.656,834.251,1.92776
566,0.0566,767.753,834.576,1.92773
567,0.0567,767.85,834.9,1.92769
568,0.0568,767.947,835.224,1.92766
569,0.0569,768.043,835.546,1.92762
570,0.057,768.138,835.866,1.92759
571,0.0571,768.233,836.186,1.92755
572,0.0572,768.328,836.504,1.92752
573,0.0573,768.423,836.821,1.92748
574,0.0574,768.516,837.137,1.92745
575,0.0575,768.61,837.451,1.92741
576,0.0576,768.703,837.765,1.92738
577,0.0577,768.795,838.077,1.92735
578,0.0578,768.887,838.387,1.92731
579,0.0579,768.979,838.697,1.92728
580,0.058,769.07,839.005,1.92724
581,0.0581,769.161,839.312,1.92721
582,0.0582,769.251,839.618,1.92717
583,0.0583,769.341,839.922,1.92714
584,0.0584,769.43,840.225,1.9271
585,0.0585,769.519,840.527,1.92707
586,0.0586,769.608,840.828,1.92704
587,0.0587,769.696,841.127,1.927
588,0.0588,769.783,841.426,1.92697
589,0.0589,769.87,841.723,1.92693
590,0.059,769.957,842.019,1.9269
591,0.0591,770.043,842.313,1.92687
592,0.0592,770.129,842.606,1.92683
593,0.0593,770.214,842.899,1.9268
594,0.0594,770.299,843.189,1.92676
595,0.0595,770.383,843.479,1.92673
596,0.0596,770.467,843.768,1.9267
597,0.0597,770.55,844.055,1.92666
598,0.0598,770.633,844.341,1.92663
599,0.0599,770.716,844.626,1.9266
600,0.06,770.798,844.909,1.92656
601,0.0601,770.879,845.192,1.92653
602,0.0602,770.96,845.473,1.92649
603,0.0603,771.041,845.753,1.92646
604,0.0604,771.121,846.032,1.92643
605,0.0605,771.201,846.309,1.92639
606,0.0606,771.28,846.586,1.92636
607,0.0607,771.359,846.861,1.92633
608,0.0608,771.437,847.135,1.92629
609,0.0609,771.515,847.408,1.92626
610,0.061,771.592,847.68,1.92623
611,0.0611,771.669,847.95,1.92619
612,0.0612,771.745,848.219,1.92616
613,0.0613,771.821,848.488,1.92613
614,0.0614,771.897,848.755,1.92609
615,0.0615,771.972,849.021,1.92606
616,0.0616,772.047,849.285,1.92603
617,0.0617,772.121,849.549,1.92599
618,0.0618,772.194,849.811,1.92596
619,0.0619,772.268,850.072,1.92593
620,0.062,772.34,850.333,1.9259
621,0.0621,772.413,850.591,1.92586
622,0.0622,772.484,850.849,1.92583
623,0.0623,772.556,851.106,1.9258
624,0.0624,772.627,851.361,1.92576
625,0.0625,772.697,851.616,1.92573
626,0.0626,772.767,851.869,1.9257
627,0.0627,772.837,852.121,1.92567
628,0.0628,772.906,852.372,1.92563
629,0.0629,772.974,852.622,1.9256
630,0.063,773.042,852.871,1.92557
631,0.0631,773.11,853.118,1.92554
632,0.0632,773.177,853.365,1.9255
633,0.0633,773.244,853.61,1.92547
634,0.0634,773.31,853.855,1.92544
635,0.0635,773.376,854.098,1.9254
636,0.0636,773.442,854.34,1.92537
637,0.0637,773.507,854.581,1.92534
638,0.0638,773.571,854.821,1.92531
639,0.0639,773.635,855.059,1.92528
640,0.064,773.699,855.297,1.92524
641,0.0641,773.762,855.534,1.92521
642,0.0642,773.825,855.769,1.92518
643,0.0643,773.887,856.004,1.92515
644,0.0644,773.948,856.237,1.92511
645,0.0645,774.01,856.469,1.92508
646,0.0646,774.071,856.7,1.92505
647,0.0647,774.131,856.93,1.92502
648,0.0648,774.191,857.159,1.92499
649,0.0649,774.25,857.387,1.92495
650,0.065,774.309,857.614,1.92492
651,0.0651,774.368,857.84,1.92489
652,0.0652,774.426,858.065,1.92486
653,0.0653,774.484,858.288,1.92483
654,0.0654,774.541,858.511,1.92479
655,0.0655,774.598,858.733,1.92476
656,0.0656,774.654,858.953,1.92473
657,0.0657,774.71,859.172,1.9247
658,0.0658,774.765,859.391,1.92467
659,0.0659,774.82,859.608,1.92463
660,0.066,774.875,859.825,1.9246
661,0.0661,774.929,860.04,1.92457
662,0.0662,774.983,860.254,1.92454
663,0.0663,775.036,860.467,1.92451
664,0.0664,775.088,860.679,1.92448
665,0.0665,775.141,860.891,1.92444
666,0.0666,775.193,861.101,1.92441
667,0.0667,775.244,861.31,1.92438
668,0.0668,775.295,861.518,1.92435
669,0.0669,775.345,861.725,1.92432
670,0.067,775.395,861.931,1.92429
671,0.0671,775.445,862.136,1.92426
672,0.0672,775.494,862.34,1.92422
673,0.0673,775.543,862.543,1.92419
674,0.0674,775.591,862.745,1.92416
675,0.0675,775.639,862.946,1.92413
676,0.0676,775.686,863.146,1.9241
677,0.0677,775.733,863.345,1.92407
678,0.0678,775.78,863.543,1.92404
679,0.0679,775.826,863.74,1.924
680,0.068,775.871,863.936,1.92397
681,0.0681,775.916,864.131,1.92394
682,0.0682,775.961,864.325,1.92391
683,0.0683,776.005,864.518,1.92388
684,0.0684,776.049,864.71,1.92385
685,0.0685,776.093,864.901,1.92382
686,0.0686,776.135,865.091,1.92379
687,0.0687,776.178,865.28,1.92376
688,0.0688,776.22,865.468,1.92373
689,0.0689,776.262,865.654,1.92369
690,0.069,776.293,865.833,1.92366
691,0.0691,776.34,866.024,1.92363
692,0.0692,776.388,866.216,1.9236
693,0.0693,776.431,866.401,1.92357
694,0.0694,776.463,866.578,1.92354
695,0.0695,776.509,866.766,1.92351
696,0.0696,776.556,866.955,1.92348
697,0.0697,776.598,867.138,1.92345
698,0.0698,776.631,867.314,1.92342
699,0.0699,776.674,867.497,1.92339
700,0.07,776.716,867.679,1.92336
701,0.0701,776.752,867.855,1.92333
702,0.0702,776.788,868.029,1.9233
703,0.0703,776.818,868.198,1.92327
704,0.0704,776.859,868.377,1.92323
705,0.0705,776.901,868.556,1.9232
706,0.0706,776.939,868.731,1.92317
707,0.0707,776.971,868.9,1.92314
708,0.0708,777.008,869.073,1.92311
709,0.0709,777.043,869.243,1.92308
710,0.071,777.074,869.41,1.92305
711,0.0711,777.109,869.579,1.92302
712,0.0712,777.142,869.745,1.92299
713,0.0713,777.171,869.909,1.92296
714,0.0714,777.206,870.076,1.92293
715,0.0715,777.24,870.243,1.9229
716,0.0716,777.273,870.408,1.92287
717,0.0717,777.301,870.568,1.92284
718,0.0718,777.333,870.731,1.92281
719,0.0719,777.363,870.892,1.92278
720,0.072,777.392,871.05,1.92275
721,0.0721,777.42,871.208,1.92272
722,0.0722,777.447,871.364,1.92269
723,0.0723,777.475,871.521,1.92266
724,0.0724,777.503,871.678,1.92263
725,0.0725,777.531,871.833,1.9226
726,0.0726,777.559,871.988,1.92257
727,0.0727,777.586,872.143,1.92254
728,0.0728,777.614,872.297,1.92251
729,0.0729,777.642,872.452,1.92248
730,0.073,777.672,872.608,1.92245
731,0.0731,777.702,872.764,1.92242
732,0.0732,777.734,872.922,1.92239
733,0.0733,777.768,873.081,1.92236
734,0.0734,777.804,873.242,1.92233
735,0.0735,777.841,873.405,1.9223
736,0.0736,777.881,873.569,1.92227
737,0.0737,777.922,873.735,1.92224
738,0.0738,777.964,873.901,1.92221
739,0.0739,778.007,874.067,1.92218
740,0.074,778.05,874.234,1.92215
741,0.0741,778.093,874.4,1.92212
742,0.0742,778.136,874.566,1.92209
743,0.0743,778.179,874.731,1.92206
744,0.0744,778.221,874.895,1.92203
745,0.0745,778.264,875.059,1.922
746,0.0746,778.306,875.222,1.92197
747,0.0747,778.348,875.385,1.92195
748,0.0748,778.39,875.547,1.92192
749,0.0749,778.432,875.709,1.92189
750,0.075,778.474,875.87,1.92186
751,0.0751,778.515,876.031,1.92183
752,0.0752,778.556,876.191,1.9218
753,0.0753,778.597,876.35,1.92177
754,0.0754,778.638,876.509,1.92174
755,0.0755,778.679,876.667,1.92171
756,0.0756,778.719,876.824,1.92168
757,0.0757,778.76,876.981,1.92165
758,0.0758,778.8,877.138,1.92162
759,0.0759,778.84,877.293,1.92159
760,0.076,778.879,877.448,1.92156
761,0.0761,778.919,877.603,1.92153
762,0.0762,778.958,877.757,1.9215
763,0.0763,778.997,877.91,1.92147
764,0.0764,779.036,878.063,1.92144
765,0.0765,779.074,878.216,1.92142
766,0.0766,779.113,878.367,1.92139
767,0.0767,779.151,878.518,1.92136
768,0.0768,779.189,878.669,1.92133
769,0.0769,779.227,878.819,1.9213
770,0.077,779.264,878.968,1.92127
771,0.0771,779.302,879.117,1.92124
772,0.0772,779.339,879.265,1.92121
773,0.0773,779.376,879.412,1.92118
774,0.0774,779.412,879.559,1.92115
775,0.0775,779.449,879.706,1.92112
776,0.0776,779.485,879.852,1.92109
777,0.0777,779.521,879.997,1.92107
778,0.0778,779.557,880.142,1.92104
779,0.0779,779.593,880.286,1.92101
780,0.078,779.628,880.429,1.92098
781,0.0781,779.663,880.572,1.92095
782,0.0782,779.698,880.715,1.92092
783,0.0783,779.733,880.857,1.92089
784,0.0784,779.768,880.998,1.92086
785,0.0785,779.802,881.139,1.92083
786,0.0786,779.836,881.279,1.92081
787,0.0787,779.87,881.418,1.92078
788,0.0788,779.904,881.557,1.92075
789,0.0789,779.937,881.696,1.92072
790,0.079,779.971,881.834,1.92069
791,0.0791,780.004,881.971,1.92066
792,0.0792,780.037,882.108,1.92063
793,0.0793,780.069,882.244,1.9206
794,0.0794,780.102,882.38,1.92058
795,0.0795,780.134,882.515,1.92055
796,0.0796,780.166,882.65,1.92052
797,0.0797,780.198,882.784,1.92049
798,0.0798,780.229,882.917,1.92046
799,0.0799,780.261,883.05,1.92043
800,0.08,780.292,883.183,1.9204
801,0.0801,780.323,883.314,1.92038
802,0.0802,780.353,883.446,1.92035
803,0.0803,780.384,883.577,1.92032
804,0.0804,780.414,883.707,1.92029
805,0.0805,780.444,883.837,1.92026
806,0.0806,780.474,883.966,1.92023
807,0.0807,780.504,884.094,1.92021
808,0.0808,780.533,884.223,1.92018
809,0.0809,780.563,884.35,1.92015
810,0.081,780.592,884.477,1.92012
811,0.0811,780.62,884.604,1.92009
812,0.0812,780.649,884.73,1.92006
813,0.0813,780.677,884.855,1.92004
814,0.0814,780.706,884.98,1.92001
815,0.0815,780.734,885.105,1.91998
816,0.0816,780.761,885.229,1.91995
817,0.0817,780.789,885.352,1.91992
818,0.0818,780.816,885.475,1.9199
819,0.0819,780.843,885.597,1.91987
820,0.082,780.87,885.719,1.91984
821,0.0821,780.897,885.841,1.91981
822,0.0822,780.924,885.961,1.91978
823,0.0823,780.95,886.082,1.91975
824,0.0824,780.976,886.202,1.91973
825,0.0825,781.002,886.321,1.9197
826,0.0826,781.028,886.44,1.91967
827,0.0827,781.053,886.558,1.91964
828,0.0828,781.078,886.676,1.91961
829,0.0829,781.103,886.793,1.91959
830,0.083,781.128,886.91,1.91956
831,0.0831,781.153,887.026,1.91953
832,0.0832,781.177,887.142,1.9195
833,0.0833,781.202,887.257,1.91948
834,0.0834,781.226,887.372,1.91945
835,0.0835,781.249,887.486,1.91942
836,0.0836,781.273,887.6,1.91939
837,0.0837,781.296,887.714,1.91936
838,0.0838,781.32,887.826,1.91934
839,0.0839,781.343,887.939,1.91931
840,0.084,781.365,888.051,1.91928
841,0.0841,781.388,888.162,1.91925
842,0.0842,781.41,888.273,1.91923
843,0.0843,781.433,888.383,1.9192
844,0.0844,781.455,888.493,1.91917
845,0.0845,781.476,888.603,1.91914
846,0.0846,781.498,888.712,1.91912
847,0.0847,781.519,888.82,1.91909
848,0.0848,781.541,888.928,1.91906
849,0.0849,781.561,889.036,1.91903
850,0.085,781.582,889.143,1.919
851,0.0851,781.603,889.249,1.91898
852,0.0852,781.623,889.356,1.91895
853,0.0853,781.643,889.461,1.91892
854,0.0854,781.663,889.566,1.91889
855,0.0855,781.683,889.671,1.91887
856,0.0856,781.703,889.775,1.91884
857,0.0857,781.722,889.879,1.91881
858,0.0858,781.741,889.983,1.91879
859,0.0859,781.76,890.086,1.91876
860,0.086,781.779,890.188,1.91873
861,0.0861,781.797,890.29,1.9187
862,0.0862,781.816,890.391,1.91868
863,0.0863,781.834,890.492,1.91865
864,0.0864,781.852,890.593,1.91862
865,0.0865,781.87,890.693,1.91859
866,0.0866,781.887,890.793,1.91857
867,0.0867,781.905,890.892,1.91854
868,0.0868,781.922,890.991,1.91851
869,0.0869,781.939,891.089,1.91849
870,0.087,781.956,891.187,1.91846
871,0.0871,781.972,891.284,1.91843
872,0.0872,781.989,891.381,1.9184
873,0.0873,782.005,891.478,1.91838
874,0.0874,782.021,891.574,1.91835
875,0.0875,782.037,891.67,1.91832
876,0.0876,782.052,891.765,1.9183
877,0.0877,782.068,891.86,1.91827
878,0.0878,782.083,891.954,1.91824
879,0.0879,782.098,892.048,1.91821
880,0.088,782.113,892.141,1.91819
881,0.0881,782.127,892.234,1.91816
882,0.0882,782.142,892.327,1.91813
883,0.0883,782.156,892.419,1.91811
884,0.0884,782.17,892.511,1.91808
885,0.0885,782.184,892.602,1.91805
886,0.0886,782.197,892.693,1.91803
887,0.0887,782.211,892.784,1.918
888,0.0888,782.224,892.874,1.91797
889,0.0889,782.237,892.963,1.91795
890,0.089,782.25,893.052,1.91792
891,0.0891,782.263,893.141,1.91789
892,0.0892,782.275,893.229,1.91787
893,0.0893,782.287,893.317,1.91784
894,0.0894,782.3,893.405,1.91781
895,0.0895,782.312,893.492,1.91779
896,0.0896,782.323,893.578,1.91776
897,0.0897,782.335,893.665,1.91773
898,0.0898,782.346,893.75,1.91771
899,0.0899,782.357,893.836,1.91768
900,0.09,782.368,893.921,1.91765
901,0.0901,782.379,894.005,1.91763
902,0.0902,782.39,894.089,1.9176
903,0.0903,782.4,894.173,1.91757
904,0.0904,782.41,894.256,1.91755
905,0.0905,782.42,894.339,1.91752
906,0.0906,782.43,894.422,1.91749
907,0.0907,782.439,894.504,1.91747
908,0.0908,782.449,894.586,1.91744
909,0.0909,782.458,894.667,1.91741
910,0.091,782.467,894.748,1.91739
911,0.0911,782.476,894.828,1.91736
912,0.0912,782.485,894.908,1.91733
913,0.0913,782.493,894.988,1.91731
914,0.0914,782.502,895.067,1.91728
915,0.0915,782.51,895.146,1.91726
916,0.0916,782.518,895.225,1.91723
917,0.0917,782.525,895.303,1.9172
918,0.0918,782.533,895.38,1.91718
919,0.0919,782.54,895.458,1.91715
920,0.092,782.547,895.534,1.91712
921,0.0921,782.554,895.611,1.9171
922,0.0922,782.561,895.687,1.91707
923,0.0923,782.568,895.763,1.91705
924,0.0924,782.574,895.838,1.91702
925,0.0925,782.58,895.913,1.91699
926,0.0926,782.586,895.988,1.91697
927,0.0927,782.592,896.062,1.91694
928,0.0928,782.598,896.135,1.91692
929,0.0929,782.603,896.209,1.91689
930,0.093,782.609,896.282,1.91686
931,0.0931,782.614,896.353,1.91684
932,0.0932,782.61,896.419,1.91681
933,0.0933,782.62,896.495,1.91678
934,0.0934,782.63,896.572,1.91676
935,0.0935,782.635,896.644,1.91673
936,0.0936,782.639,896.713,1.91671
937,0.0937,782.634,896.776,1.91668
938,0.0938,782.643,896.851,1.91665
939,0.0939,782.653,896.928,1.91663
940,0.094,782.659,896.998,1.9166
941,0.0941,782.658,897.064,1.91658
942,0.0942,782.664,897.135,1.91655
943,0.0943,782.668,897.203,1.91653
944,0.0944,782.665,897.268,1.9165
945,0.0945,782.672,897.339,1.91647
946,0.0946,782.678,897.409,1.91645
947,0.0947,782.679,897.475,1.91642
948,0.0948,782.681,897.54,1.9164
949,0.0949,782.677,897.601,1.91637
950,0.095,782.683,897.672,1.91634
951,0.0951,782.691,897.743,1.91632
952,0.0952,782.695,897.81,1.91629
953,0.0953,782.691,897.871,1.91627
954,0.0954,782.697,897.94,1.91624
955,0.0955,782.703,898.01,1.91622
956,0.0956,782.706,898.074,1.91619
957,0.0957,782.704,898.136,1.91616
958,0.0958,782.706,898.2,1.91614
959,0.0959,782.706,898.262,1.91611
960,0.096,782.704,898.322,1.91609
961,0.0961,782.704,898.384,1.91606
962,0.0962,782.702,898.444,1.91604
963,0.0963,782.703,898.506,1.91601
964,0.0964,782.7,898.565,1.91599
965,0.0965,782.7,898.626,1.91596
966,0.0966,782.697,898.684,1.91594
967,0.0967,782.697,898.745,1.91591
968,0.0968,782.695,898.804,1.91588
969,0.0969,782.692,898.861,1.91586
970,0.097,782.69,898.919,1.91583
971,0.0971,782.685,898.975,1.91581
972,0.0972,782.686,899.036,1.91578
973,0.0973,782.687,899.097,1.91576
974,0.0974,782.685,899.155,1.91573
975,0.0975,782.681,899.21,1.91571
976,0.0976,782.681,899.27,1.91568
977,0.0977,782.681,899.33,1.91566
978,0.0978,782.68,899.387,1.91563
979,0.0979,782.675,899.442,1.91561
980,0.098,782.674,899.499,1.91558
981,0.0981,782.671,899.555,1.91555
982,0.0982,782.667,899.61,1.91553
983,0.0983,782.663,899.664,1.9155
984,0.0984,782.658,899.717,1.91548
985,0.0985,782.654,899.771,1.91545
986,0.0986,782.65,899.824,1.91543
987,0.0987,782.644,899.876,1.9154
988,0.0988,782.64,899.929,1.91538
989,0.0989,782.636,899.982,1.91535
990,0.099,782.631,900.035,1.91533
991,0.0991,782.626,900.086,1.9153
992,0.0992,782.62,900.137,1.91528
993,0.0993,782.614,900.187,1.91525
994,0.0994,782.607,900.238,1.91523
995,0.0995,782.601,900.288,1.9152
996,0.0996,782.595,900.338,1.91518
997,0.0997,782.589,900.389,1.91515
998,0.0998,782.585,900.44,1.91513
999,0.0999,782.58,900.492,1.9151
1000,0.1,782.577,900.545,1.91508
1001,0.1001,782.576,900.6,1.91505
1002,0.1002,782.576,900.656,1.91503
1003,0.1003,782.577,900.714,1.915
1004,0.1004,782.58,900.774,1.91498
1005,0.1005,782.584,900.835,1.91495
1006,0.1006,782.59,900.897,1.91493
1007,0.1007,782.597,900.961,1.9149
1008,0.1008,782.606,901.026,1.91488
1009,0.1009,782.614,901.092,1.91485
1010,0.101,782.623,901.157,1.91483
1011,0.1011,782.633,901.223,1.9148
1012,0.1012,782.642,901.289,1.91478
1013,0.1013,782.652,901.355,1.91475
1014,0.1014,782.661,901.42,1.91473
1015,0.1015,782.671,901.486,1.9147
1016,0.1016,782.68,901.551,1.91468
1017,0.1017,782.69,901.617,1.91465
1018,0.1018,782.699,901.682,1.91463
1019,0.1019,782.709,901.747,1.9146
1020,0.102,782.718,901.811,1.91458
1021,0.1021,782.728,901.876,1.91455
1022,0.1022,782.737,901.941,1.91453
1023,0.1023,782.747,902.005,1.9145
1024,0.1024,782.756,902.069,1.91448
1025,0.1025,782.765,902.133,1.91445
1026,0.1026,782.774,902.197,1.91443
1027,0.1027,782.784,902.261,1.9144
1028,0.1028,782.793,902.324,1.91438
1029,0.1029,782.802,902.388,1.91436
1030,0.103,782.811,902.451,1.91433
1031,0.1031,782.82,902.514,1.91431
1032,0.1032,782.829,902.577,1.91428
1033,0.1033,782.838,902.639,1.91426
1034,0.1034,782.847,902.702,1.91423
1035,0.1035,782.855,902.764,1.91421
1036,0.1036,782.864,902.826,1.91418
1037,0.1037,782.873,902.888,1.91416
1038,0.1038,782.882,902.95,1.91413
1039,0.1039,782.89,903.012,1.91411
1040,0.104,782.899,903.073,1.91408
1041,0.1041,782.907,903.135,1.91406
1042,0.1042,782.916,903.196,1.91403
1043,0.1043,782.924,903.257,1.91401
1044,0.1044,782.932,903.317,1.91399
1045,0.1045,782.941,903.378,1.91396
1046,0.1046,782.949,903.439,1.91394
1047,0.1047,782.957,903.499,1.91391
1048,0.1048,782.965,903.559,1.91389
1049,0.1049,782.973,903.619,1.91386
1050,0.105,782.981,903.678,1.91384
1051,0.1051,782.989,903.738,1.91381
1052,0.1052,782.997,903.797,1.91379
1053,0.1053,783.005,903.857,1.91376
1054,0.1054,783.013,903.916,1.91374
1055,0.1055,783.02,903.974,1.91372
1056,0.1056,783.028,904.033,1.91369
1057,0.1057,783.035,904.092,1.91367
1058,0.1058,783.043,904.15,1.91364
1059,0.1059,783.05,904.208,1.91362
1060,0.106,783.058,904.266,1.91359
1061,0.1061,783.065,904.324,1.91357
1062,0.1062,783.072,904.382,1.91354
1063,0.1063,783.079,904.439,1.91352
1064,0.1064,783.087,904.496,1.9135
1065,0.1065,783.094,904.553,1.91347
1066,0.1066,783.101,904.61,1.91345
1067,0.1067,783.108,904.667,1.91342
1068,0.1068,783.114,904.724,1.9134
1069,0.1069,783.121,904.78,1.91337
1070,0.107,783.128,904.836,1.91335
1071,0.1071,783.135,904.892,1.91333
1072,0.1072,783.141,904.948,1.9133
1073,0.1073,783.148,905.004,1.91328
1074,0.1074,783.154,905.06,1.91325
1075,0.1075,783.161,905.115,1.91323
1076,0.1076,783.167,905.17,1.91321
1077,0.1077,783.173,905.225,1.91318
1078,0.1078,783.179,905.28,1.91316
1079,0.1079,783.186,905.335,1.91313
1080,0.108,783.192,905.389,1.91311
1081,0.1081,783.198,905.444,1.91308
1082,0.1082,783.204,905.498,1.91306
1083,0.1083,783.21,905.552,1.91304
1084,0.1084,783.215,905.606,1.91301
1085,0.1085,783.221,905.66,1.91299
1086,0.1086,783.227,905.713,1.91296
1087,0.1087,783.232,905.767,1.91294
1088,0.1088,783.238,905.82,1.91292
1089,0.1089,783.243,905.873,1.91289
1090,0.109,783.249,905.926,1.91287
1091,0.1091,783.254,905.978,1.91284
1092,0.1092,783.259,906.031,1.91282
1093,0.1093,783.265,906.083,1.9128
1094,0.1094,783.27,906.135,1.91277
1095,0.1095,783.275,906.187,1.91275
1096,0.1096,783.28,906.239,1.91273
1097,0.1097,783.285,906.291,1.9127
1098,0.1098,783.29,906.343,1.91268
1099,0.1099,783.295,906.394,1.91265
1100,0.11,783.299,906.445,1.91263
1101,0.1101,783.304,906.496,1.91261
1102,0.1102,783.309,906.547,1.91258
1103,0.1103,783.313,906.598,1.91256
1104,0.1104,783.318,906.648,1.91253
1105,0.1105,783.322,906.699,1.91251
1106,0.1106,783.327,906.749,1.91249
1107,0.1107,783.331,906.799,1.91246
1108,0.1108,783.335,906.849,1.91244
1109,0.1109,783.339,906.899,1.91242
1110,0.111,783.343,906.949,1.91239
1111,0.1111,783.347,906.998,1.91237
1112,0.1112,783.351,907.047,1.91234
1113,0.1113,783.355,907.096,1.91232
1114,0.1114,783.359,907.145,1.9123
1115,0.1115,783.363,907.194,1.91227
1116,0.1116,783.367,907.243,1.91225
1117,0.1117,783.37,907.291,1.91223
1118,0.1118,783.374,907.34,1.9122
1119,0.1119,783.377,907.388,1.91218
1120,0.112,783.381,907.436,1.91216
1121,0.1121,783.384,907.484,1.91213
1122,0.1122,783.387,907.532,1.91211
1123,0.1123,783.391,907.579,1.91208
1124,0.1124,783.394,907.627,1.91206
1125,0.1125,783.397,907.674,1.91204
1126,0.1126,783.4,907.721,1.91201
1127,0.1127,783.403,907.768,1.91199
1128,0.1128,783.406,907.815,1.91197
1129,0.1129,783.409,907.862,1.91194
1130,0.113,783.411,907.908,1.91192
1131,0.1131,783.414,907.954,1.9119
1132,0.1132,783.417,908.001,1.91187
1133,0.1133,783.419,908.047,1.91185
1134,0.1134,783.422,908.093,1.91183
1135,0.1135,783.424,908.138,1.9118
1136,0.1136,783.427,908.184,1.91178
1137,0.1137,783.429,908.229,1.91176
1138,0.1138,783.431,908.275,1.91173
1139,0.1139,783.433,908.32,1.91171
1140,0.114,783.436,908.365,1.91169
1141,0.1141,783.438,908.41,1.91166
1142,0.1142,783.44,908.455,1.91164
1143,0.1143,783.442,908.499,1.91162
1144,0.1144,783.443,908.544,1.91159
1145,0.1145,783.445,908.588,1.91157
1146,0.1146,783.447,908.632,1.91155
1147,0.1147,783.449,908.676,1.91152
1148,0.1148,783.45,908.72,1.9115
1149,0.1149,783.452,908.764,1.91148
1150,0.115,783.453,908.807,1.91145
1151,0.1151,783.455,908.85,1.91143
1152,0.1152,783.456,908.894,1.91141
1153,0.1153,783.457,908.937,1.91138
1154,0.1154,783.458,908.98,1.91136
1155,0.1155,783.46,909.023,1.91134
1156,0.1156,783.461,909.065,1.91131
1157,0.1157,783.462,909.108,1.91129
1158,0.1158,783.463,909.15,1.91127
1159,0.1159,783.464,909.193,1.91124
1160,0.116,783.464,909.235,1.91122
1161,0.1161,783.465,909.277,1.9112
1162,0.1162,783.466,909.319,1.91118
1163,0.1163,783.466,909.36,1.91115
1164,0.1164,783.467,909.402,1.91113
1165,0.1165,783.468,909.443,1.91111
1166,0.1166,783.468,909.484,1.91108
1167,0.1167,783.468,909.526,1.91106
1168,0.1168,783.469,909.567,1.91104
1169,0.1169,783.469,909.608,1.91101
1170,0.117,783.469,909.648,1.91099
1171,0.1171,783.469,909.689,1.91097
1172,0.1172,783.469,909.729,1.91094
1173,0.1173,783.469,909.77,1.91092
1174,0.1174,783.469,909.81,1.9109
1175,0.1175,783.469,909.85,1.91088
1176,0.1176,783.469,909.89,1.91085
1177,0.1177,783.469,909.929,1.91083
1178,0.1178,783.468,909.969,1.91081
1179,0.1179,783.468,910.009,1.91078
1180,0.118,783.467,910.048,1.91076
1181,0.1181,783.467,910.087,1.91074
1182,0.1182,783.466,910.126,1.91072
1183,0.1183,783.466,910.165,1.91069
1184,0.1184,783.465,910.204,1.91067
1185,0.1185,783.464,910.243,1.91065
1186,0.1186,783.463,910.281,1.91062
1187,0.1187,783.463,910.32,1.9106
1188,0.1188,783.462,910.358,1.91058
1189,0.1189,783.461,910.396,1.91056
1190,0.119,783.459,910.434,1.91053
1191,0.1191,783.458,910.472,1.91051
1192,0.1192,783.457,910.51,1.91049
1193,0.1193,783.456,910.547,1.91047
1194,0.1194,783.455,910.585,1.91044
1195,0.1195,783.453,910.622,1.91042
1196,0.1196,783.452,910.66,1.9104
1197,0.1197,783.45,910.697,1.91037
1198,0.1198,783.449,910.734,1.91035
1199,0.1199,783.447,910.77,1.91033
1200,0.12,783.445,910.807,1.91031
1201,0.1201,783.443,910.844,1.91028
1202,0.1202,783.442,910.88,1.91026
1203,0.1203,783.44,910.917,1.91024
1204,0.1204,783.438,910.953,1.91022
1205,0.1205,783.436,910.989,1.91019
1206,0.1206,783.434,911.025,1.91017
1207,0.1207,783.431,911.061,1.91015
1208,0.1208,783.429,911.096,1.91013
1209,0.1209,783.427,911.132,1.9101
1210,0.121,783.425,911.167,1.91008
1211,0.1211,783.422,911.203,1.91006
1212,0.1212,783.42,911.238,1.91004
1213,0.1213,783.417,911.273,1.91001
1214,0.1214,783.415,911.308,1.90999
1215,0.1215,783.412,911.343,1.90997
1216,0.1216,783.409,911.377,1.90995
1217,0.1217,783.407,911.412,1.90992
1218,0.1218,783.404,911.446,1.9099
1219,0.1219,783.401,911.481,1.90988
1220,0.122,783.398,911.515,1.90986
1221,0.1221,783.395,911.549,1.90983
1222,0.1222,783.392,911.583,1.90981
1223,0.1223,783.389,911.617,1.90979
1224,0.1224,783.385,911.65,1.90977
1225,0.1225,783.382,911.684,1.90974
1226,0.1226,783.379,911.717,1.90972
1227,0.1227,783.375,911.751,1.9097
1228,0.1228,783.372,911.784,1.90968
1229,0.1229,783.368,911.817,1.90966
1230,0.123,783.365,911.85,1.90963
1231,0.1231,783.361,911.883,1.90961
1232,0.1232,783.358,911.915,1.90959
1233,0.1233,783.354,911.948,1.90957
1234,0.1234,783.35,911.98,1.90954
1235,0.1235,783.346,912.013,1.90952
1236,0.1236,783.342,912.045,1.9095
1237,0.1237,783.338,912.077,1.90948
1238,0.1238,783.334,912.109,1.90945
1239,0.1239,783.33,912.141,1.90943
1240,0.124,783.326,912.173,1.90941
1241,0.1241,783.322,912.204,1.90939
1242,0.1242,783.317,912.236,1.90937
1243,0.1243,783.313,912.267,1.90934
1244,0.1244,783.308,912.299,1.90932
1245,0.1245,783.304,912.33,1.9093
1246,0.1246,783.299,912.361,1.90928
1247,0.1247,783.295,912.392,1.90926
1248,0.1248,783.29,912.422,1.90923
1249,0.1249,783.285,912.453,1.90921
1250,0.125,783.281,912.484,1.90919
1251,0.1251,783.276,912.514,1.90917
1252,0.1252,783.271,912.544,1.90915
1253,0.1253,783.266,912.575,1.90912
1254,0.1254,783.261,912.605,1.9091
1255,0.1255,783.256,912.635,1.90908
1256,0.1256,783.25,912.665,1.90906
1257,0.1257,783.245,912.694,1.90904
1258,0.1258,783.24,912.724,1.90901
1259,0.1259,783.235,912.754,1.90899
1260,0.126,783.229,912.783,1.90897
1261,0.1261,783.224,912.812,1.90895
1262,0.1262,783.218,912.841,1.90893
1263,0.1263,783.213,912.87,1.9089
1264,0.1264,783.207,912.899,1.90888
1265,0.1265,783.201,912.928,1.90886
1266,0.1266,783.195,912.957,1.90884
1267,0.1267,783.19,912.986,1.90882
1268,0.1268,783.184,913.014,1.90879
1269,0.1269,783.178,913.042,1.90877
1270,0.127,783.172,913.071,1.90875
1271,0.1271,783.166,913.099,1.90873
1272,0.1272,783.16,913.127,1.90871
1273,0.1273,783.153,913.155,1.90868
1274,0.1274,783.147,913.183,1.90866
1275,0.1275,783.141,913.21,1.90864
1276,0.1276,783.134,913.238,1.90862
1277,0.1277,783.128,913.265,1.9086
1278,0.1278,783.121,913.293,1.90858
1279,0.1279,783.115,913.32,1.90855
1280,0.128,783.108,913.347,1.90853
1281,0.1281,783.102,913.374,1.90851
1282,0.1282,783.095,913.401,1.90849
1283,0.1283,783.088,913.428,1.90847
1284,0.1284,783.081,913.454,1.90845
1285,0.1285,783.074,913.481,1.90842
1286,0.1286,783.067,913.507,1.9084
1287,0.1287,783.06,913.534,1.90838
1288,0.1288,783.052,913.56,1.90836
1289,0.1289,783.047,913.586,1.90834
1290,0.129,783.037,913.611,1.90832
1291,0.1291,783.031,913.637,1.90829
1292,0.1292,783.02,913.66,1.90827
1293,0.1293,783.014,913.686,1.90825
1294,0.1294,783.002,913.708,1.90823
1295,0.1295,782.997,913.734,1.90821
1296,0.1296,782.985,913.756,1.90819
1297,0.1297,782.979,913.782,1.90816
1298,0.1298,782.967,913.804,1.90814
1299,0.1299,782.961,913.829,1.90812
1300,0.13,782.95,913.852,1.9081
1301,0.1301,782.944,913.877,1.90808
1302,0.1302,782.932,913.899,1.90806
1303,0.1303,782.925,913.924,1.90804
1304,0.1304,782.914,913.946,1.90801
1305,0.1305,782.907,913.97,1.90799
1306,0.1306,782.895,913.992,1.90797
1307,0.1307,782.889,914.016,1.90795
1308,0.1308,782.877,914.038,1.90793
1309,0.1309,782.87,914.062,1.90791
1310,0.131,782.858,914.084,1.90789
1311,0.1311,782.852,914.108,1.90786
1312,0.1312,782.84,914.129,1.90784
1313,0.1313,782.833,914.153,1.90782
1314,0.1314,782.821,914.174,1.9078
1315,0.1315,782.814,914.198,1.90778
1316,0.1316,782.802,914.219,1.90776
1317,0.1317,782.795,914.243,1.90774
1318,0.1318,782.782,914.264,1.90772
1319,0.1319,782.775,914.287,1.90769
1320,0.132,782.763,914.308,1.90767
1321,0.1321,782.756,914.331,1.90765
1322,0.1322,782.743,914.351,1.90763
1323,0.1323,782.736,914.374,1.90761
1324,0.1324,782.724,914.395,1.90759
1325,0.1325,782.716,914.418,1.90757
1326,0.1326,782.704,914.438,1.90754
1327,0.1327,782.696,914.46,1.90752
1328,0.1328,782.684,914.48,1.9075
1329,0.1329,782.676,914.503,1.90748
1330,0.133,782.663,914.523,1.90746
1331,0.1331,782.655,914.545,1.90744
1332,0.1332,782.643,914.565,1.90742
1333,0.1333,782.635,914.587,1.9074
1334,0.1334,782.622,914.606,1.90738
1335,0.1335,782.614,914.628,1.90735
1336,0.1336,782.601,914.648,1.90733
1337,0.1337,782.593,914.669,1.90731
1338,0.1338,782.58,914.688,1.90729
1339,0.1339,782.572,914.71,1.90727
1340,0.134,782.559,914.729,1.90725
1341,0.1341,782.55,914.75,1.90723
1342,0.1342,782.537,914.769,1.90721
1343,0.1343,782.529,914.79,1.90719
1344,0.1344,782.516,914.809,1.90716
1345,0.1345,782.507,914.83,1.90714
1346,0.1346,782.494,914.848,1.90712
1347,0.1347,782.485,914.869,1.9071
1348,0.1348,782.472,914.887,1.90708
1349,0.1349,782.463,914.908,1.90706
1350,0.135,782.449,914.926,1.90704
1351,0.1351,782.44,914.946,1.90702
1352,0.1352,782.427,914.965,1.907
1353,0.1353,782.418,914.985,1.90698
1354,0.1354,782.404,915.003,1.90695
1355,0.1355,782.395,915.022,1.90693
1356,0.1356,782.381,915.04,1.90691
1357,0.1357,782.372,915.06,1.90689
1358,0.1358,782.358,915.077,1.90687
1359,0.1359,782.348,915.097,1.90685
1360,0.136,782.335,915.114,1.90683
1361,0.1361,782.325,915.134,1.90681
1362,0.1362,782.311,915.151,1.90679
1363,0.1363,782.301,915.17,1.90677
1364,0.1364,782.288,915.187,1.90675
1365,0.1365,782.278,915.206,1.90673
1366,0.1366,782.264,915.223,1.9067
1367,0.1367,782.253,915.242,1.90668
1368,0.1368,782.24,915.258,1.90666
1369,0.1369,782.229,915.277,1.90664
1370,0.137,782.215,915.293,1.90662
1371,0.1371,782.205,915.312,1.9066
1372,0.1372,782.191,915.328,1.90658
1373,0.1373,782.18,915.346,1.90656
1374,0.1374,782.166,915.362,1.90654
1375,0.1375,782.155,915.38,1.90652
1376,0.1376,782.141,915.396,1.9065
1377,0.1377,782.13,915.414,1.90648
1378,0.1378,782.116,915.43,1.90646
1379,0.1379,782.104,915.447,1.90644
1380,0.138,782.09,915.463,1.90641
1381,0.1381,782.079,915.48,1.90639
1382,0.1382,782.065,915.496,1.90637
1383,0.1383,782.053,915.513,1.90635
1384,0.1384,782.039,915.528,1.90633
1385,0.1385,782.027,915.545,1.90631
1386,0.1386,782.013,915.561,1.90629
1387,0.1387,782.001,915.577,1.90627
1388,0.1388,781.986,915.592,1.90625
1389,0.1389,781.974,915.609,1.90623
1390,0.139,781.96,915.624,1.90621
1391,0.1391,781.948,915.64,1.90619
1392,0.1392,781.933,915.655,1.90617
1393,0.1393,781.921,915.671,1.90615
1394,0.1394,781.906,915.685,1.90613
1395,0.1395,781.893,915.701,1.90611
1396,0.1396,781.879,915.715,1.90609
1397,0.1397,781.866,915.731,1.90606
1398,0.1398,781.852,915.746,1.90604
1399,0.1399,781.839,915.761,1.90602
1400,0.14,781.824,915.776,1.906
1401,0.1401,781.811,915.791,1.90598
1402,0.1402,781.796,915.805,1.90596
1403,0.1403,781.783,915.82,1.90594
1404,0.1404,781.768,915.833,1.90592
1405,0.1405,781.755,915.848,1.9059
1406,0.1406,781.739,915.861,1.90588
1407,0.1407,781.726,915.876,1.90586
1408,0.1408,781.711,915.89,1.90584
1409,0.1409,781.697,915.904,1.90582
1410,0.141,781.682,915.917,1.9058
1411,0.1411,781.668,915.931,1.90578
1412,0.1412,781.653,915.944,1.90576
1413,0.1413,781.639,915.958,1.90574
1414,0.1414,781.623,915.971,1.90572
1415,0.1415,781.609,915.985,1.9057
1416,0.1416,781.594,915.998,1.90568
1417,0.1417,781.58,916.011,1.90566
1418,0.1418,781.564,916.023,1.90564
1419,0.1419,781.55,916.037,1.90562
1420,0.142,781.534,916.049,1.9056
1421,0.1421,781.519,916.062,1.90558
1422,0.1422,781.503,916.074,1.90556
1423,0.1423,781.489,916.087,1.90554
1424,0.1424,781.473,916.099,1.90552
1425,0.1425,781.458,916.112,1.9055
1426,0.1426,781.442,916.124,1.90548
1427,0.1427,781.427,916.136,1.90546
1428,0.1428,781.411,916.148,1.90544
1429,0.1429,781.396,916.16,1.90541
1430,0.143,781.38,916.172,1.90539
1431,0.1431,781.364,916.184,1.90537
1432,0.1432,781.348,916.195,1.90535
1433,0.1433,781.333,916.207,1.90533
1434,0.1434,781.316,916.218,1.90531
1435,0.1435,781.301,916.23,1.90529
1436,0.1436,781.284,916.241,1.90527
1437,0.1437,781.269,916.252,1.90525
1438,0.1438,781.252,916.263,1.90523
1439,0.1439,781.236,916.274,1.90521
1440,0.144,781.22,916.285,1.90519
1441,0.1441,781.203,916.295,1.90517
1442,0.1442,781.187,916.306,1.90515
1443,0.1443,781.17,916.317,1.90513
1444,0.1444,781.154,916.327,1.90511
1445,0.1445,781.137,916.338,1.90509
1446,0.1446,781.12,916.348,1.90507
1447,0.1447,781.104,916.358,1.90505
1448,0.1448,781.087,916.368,1.90503
1449,0.1449,781.07,916.378,1.90501
1450,0.145,781.053,916.388,1.90499
1451,0.1451,781.036,916.398,1.90497
1452,0.1452,781.019,916.407,1.90495
1453,0.1453,781.002,916.417,1.90493
1454,0.1454,780.985,916.427,1.90491
1455,0.1455,780.968,916.437,1.90489
1456,0.1456,780.952,916.448,1.90487
1457,0.1457,780.936,916.459,1.90485
1458,0.1458,780.921,916.471,1.90483
1459,0.1459,780.907,916.484,1.90482
1460,0.146,780.893,916.497,1.9048
1461,0.1461,780.88,916.512,1.90478
1462,0.1462,780.868,916.527,1.90476
1463,0.1463,780.857,916.544,1.90474
1464,0.1464,780.848,916.563,1.90472
1465,0.1465,780.839,916.582,1.9047
1466,0.1466,780.832,916.603,1.90468
1467,0.1467,780.825,916.625,1.90466
1468,0.1468,780.82,916.648,1.90464
1469,0.1469,780.815,916.672,1.90462
1470,0.147,780.811,916.696,1.9046
1471,0.1471,780.808,916.721,1.90458
1472,0.1472,780.804,916.746,1.90456
1473,0.1473,780.801,916.772,1.90454
1474,0.1474,780.799,916.798,1.90452
1475,0.1475,780.796,916.824,1.9045
1476,0.1476,780.793,916.85,1.90448
1477,0.1477,780.791,916.876,1.90446
1478,0.1478,780.788,916.902,1.90444
1479,0.1479,780.786,916.928,1.90442
1480,0.148,780.783,916.954,1.9044
1481,0.1481,780.781,916.98,1.90438
1482,0.1482,780.778,917.006,1.90436
1483,0.1483,780.776,917.032,1.90434
1484,0.1484,780.774,917.058,1.90432
1485,0.1485,780.771,917.084,1.9043
1486,0.1486,780.769,917.11,1.90428
1487,0.1487,780.767,917.136,1.90426
1488,0.1488,780.764,917.162,1.90424
1489,0.1489,780.762,917.188,1.90422
1490,0.149,780.76,917.214,1.9042
1491,0.1491,780.758,917.24,1.90418
1492,0.1492,780.755,917.266,1.90416
1493,0.1493,780.753,917.292,1.90414
1494,0.1494,780.751,917.318,1.90412
1495,0.1495,780.749,917.344,1.9041
1496,0.1496,780.747,917.37,1.90408
1497,0.1497,780.744,917.396,1.90406
1498,0.1498,780.742,917.422,1.90404
1499,0.1499,780.74,917.448,1.90402
1500,0.15,780.738,917.474,1.904
1501,0.1501,780.736,917.5,1.90398
1502,0.1502,780.734,917.526,1.90396
1503,0.1503,780.732,917.552,1.90394
1504,0.1504,780.729,917.577,1.90392
1505,0.1505,780.727,917.603,1.9039
1506,0.1506,780.725,917.629,1.90388
1507,0.1507,780.723,917.655,1.90386
1508,0.1508,780.721,917.681,1.90384
1509,0.1509,780.719,917.706,1.90382
1510,0.151,780.717,917.732,1.90381
1511,0.1511,780.715,917.758,1.90379
1512,0.1512,780.712,917.783,1.90377
1513,0.1513,780.71,917.809,1.90375
1514,0.1514,780.708,917.835,1.90373
1515,0.1515,780.706,917.86,1.90371
1516,0.1516,780.704,917.886,1.90369
1517,0.1517,780.702,917.911,1.90367
1518,0.1518,780.7,917.937,1.90365
1519,0.1519,780.697,917.962,1.90363
1520,0.152,780.695,917.988,1.90361
1521,0.1521,780.693,918.013,1.90359
1522,0.1522,780.691,918.039,1.90357
1523,0.1523,780.689,918.064,1.90355
1524,0.1524,780.687,918.089,1.90353
1525,0.1525,780.685,918.115,1.90351
1526,0.1526,780.682,918.14,1.90349
1527,0.1527,780.68,918.165,1.90347
1528,0.1528,780.678,918.19,1.90345
1529,0.1529,780.676,918.216,1.90343
1530,0.153,780.674,918.241,1.90342
1531,0.1531,780.672,918.266,1.9034
1532,0.1532,780.669,918.291,1.90338
1533,0.1533,780.667,918.316,1.90336
1534,0.1534,780.665,918.341,1.90334
1535,0.1535,780.663,918.366,1.90332
1536,0.1536,780.66,918.391,1.9033
1537,0.1537,780.658,918.416,1.90328
1538,0.1538,780.656,918.441,1.90326
1539,0.1539,780.654,918.466,1.90324
1540,0.154,780.651,918.491,1.90322
1541,0.1541,780.649,918.516,1.9032
1542,0.1542,780.647,918.54,1.90318
1543,0.1543,780.645,918.565,1.90316
1544,0.1544,780.642,918.59,1.90314
1545,0.1545,780.64,918.615,1.90312
1546,0.1546,780.638,918.639,1.90311
1547,0.1547,780.635,918.664,1.90309
1548,0.1548,780.633,918.689,1.90307
1549,0.1549,780.631,918.713,1.90305
1550,0.155,780.628,918.738,1.90303
1551,0.1551,780.626,918.762,1.90301
1552,0.1552,780.624,918.787,1.90299
1553,0.1553,780.621,918.811,1.90297
1554,0.1554,780.619,918.835,1.90295
1555,0.1555,780.616,918.86,1.90293
1556,0.1556,780.614,918.884,1.90291
1557,0.1557,780.612,918.909,1.90289
1558,0.1558,780.609,918.933,1.90287
1559,0.1559,780.607,918.957,1.90286
1560,0.156,780.604,918.981,1.90284
1561,0.1561,780.602,919.005,1.90282
1562,0.1562,780.599,919.03,1.9028
1563,0.1563,780.597,919.054,1.90278
1564,0.1564,780.594,919.078,1.90276
1565,0.1565,780.592,919.102,1.90274
1566,0.1566,780.589,919.126,1.90272
1567,0.1567,780.587,919.15,1.9027
1568,0.1568,780.584,919.174,1.90268
1569,0.1569,780.581,919.198,1.90266
1570,0.157,780.579,919.221,1.90265
1571,0.1571,780.576,919.245,1.90263
1572,0.1572,780.574,919.269,1.90261
1573,0.1573,780.571,919.293,1.90259
1574,0.1574,780.568,919.317,1.90257
1575,0.1575,780.566,919.34,1.90255
1576,0.1576,780.563,919.364,1.90253
1577,0.1577,780.56,919.388,1.90251
1578,0.1578,780.558,919.411,1.90249
1579,0.1579,780.555,919.435,1.90247
1580,0.158,780.552,919.458,1.90245
1581,0.1581,780.55,919.482,1.90244
1582,0.1582,780.547,919.505,1.90242
1583,0.1583,780.544,919.529,1.9024
1584,0.1584,780.541,919.552,1.90238
1585,0.1585,780.539,919.575,1.90236
1586,0.1586,780.536,919.599,1.90234
1587,0.1587,780.533,919.622,1.90232
1588,0.1588,780.53,919.645,1.9023
1589,0.1589,780.527,919.668,1.90228
1590,0.159,780.524,919.691,1.90227
1591,0.1591,780.522,919.715,1.90225
1592,0.1592,780.519,919.738,1.90223
1593,0.1593,780.516,919.761,1.90221
1594,0.1594,780.513,919.784,1.90219
1595,0.1595,780.51,919.807,1.90217
1596,0.1596,780.507,919.83,1.90215
1597,0.1597,780.504,919.853,1.90213
1598,0.1598,780.501,919.875,1.90211
1599,0.1599,780.498,919.898,1.9021
1600,0.16,780.495,919.921,1.90208
1601,0.1601,780.492,919.944,1.90206
1602,0.1602,780.489,919.967,1.90204
1603,0.1603,780.486,919.989,1.90202
1604,0.1604,780.483,920.012,1.902
1605,0.1605,780.48,920.035,1.90198
1606,0.1606,780.477,920.057,1.90196
1607,0.1607,780.474,920.08,1.90195
1608,0.1608,780.471,920.102,1.90193
1609,0.1609,780.468,920.125,1.90191
1610,0.161,780.464,920.147,1.90189
1611,0.1611,780.461,920.17,1.90187
1612,0.1612,780.458,920.192,1.90185
1613,0.1613,780.455,920.214,1.90183
1614,0.1614,780.452,920.237,1.90181
1615,0.1615,780.449,920.259,1.9018
1616,0.1616,780.445,920.281,1.90178
1617,0.1617,780.442,920.304,1.90176
1618,0.1618,780.439,920.326,1.90174
1619,0.1619,780.435,920.348,1.90172
1620,0.162,780.432,920.37,1.9017
1621,0.1621,780.429,920.392,1.90168
1622,0.1622,780.426,920.414,1.90166
1623,0.1623,780.422,920.436,1.90165
1624,0.1624,780.419,920.458,1.90163
1625,0.1625,780.415,920.48,1.90161
1626,0.1626,780.412,920.502,1.90159
1627,0.1627,780.409,920.524,1.90157
1628,0.1628,780.405,920.545,1.90155
1629,0.1629,780.402,920.567,1.90153
1630,0.163,780.398,920.589,1.90152
1631,0.1631,780.395,920.611,1.9015
1632,0.1632,780.391,920.632,1.90148
1633,0.1633,780.388,920.654,1.90146
1634,0.1634,780.384,920.676,1.90144
1635,0.1635,780.381,920.697,1.90142
1636,0.1636,780.377,920.719,1.9014
1637,0.1637,780.374,920.74,1.90139
1638,0.1638,780.37,920.762,1.90137
1639,0.1639,780.367,920.783,1.90135
1640,0.164,780.363,920.804,1.90133
1641,0.1641,780.359,920.826,1.90131
1642,0.1642,780.356,920.847,1.90129
1643,0.1643,780.352,920.868,1.90128
1644,0.1644,780.348,920.89,1.90126
1645,0.1645,780.345,920.911,1.90124
1646,0.1646,780.341,920.932,1.90122
1647,0.1647,780.337,920.953,1.9012
1648,0.1648,780.333,920.974,1.90118
1649,0.1649,780.33,920.995,1.90116
1650,0.165,780.326,921.016,1.90115
1651,0.1651,780.322,921.037,1.90113
1652,0.1652,780.318,921.058,1.90111
1653,0.1653,780.314,921.079,1.90109
1654,0.1654,780.311,921.1,1.90107
1655,0.1655,780.307,921.121,1.90105
1656,0.1656,780.303,921.142,1.90104
1657,0.1657,780.299,921.162,1.90102
1658,0.1658,780.295,921.183,1.901
1659,0.1659,780.291,921.204,1.90098
1660,0.166,780.287,921.225,1.90096
1661,0.1661,780.283,921.245,1.90094
1662,0.1662,780.279,921.266,1.90093
1663,0.1663,780.275,921.286,1.90091
1664,0.1664,780.271,921.307,1.90089
1665,0.1665,780.267,921.327,1.90087
1666,0.1666,780.263,921.348,1.90085
1667,0.1667,780.259,921.368,1.90083
1668,0.1668,780.255,921.389,1.90082
1669,0.1669,780.251,921.409,1.9008
1670,0.167,780.247,921.429,1.90078
1671,0.1671,780.243,921.45,1.90076
1672,0.1672,780.239,921.47,1.90074
1673,0.1673,780.234,921.49,1.90073
1674,0.1674,780.23,921.51,1.90071
1675,0.1675,780.226,921.53,1.90069
1676,0.1676,780.222,921.55,1.90067
1677,0.1677,780.217,921.571,1.90065
1678,0.1678,780.213,921.591,1.90063
1679,0.1679,780.209,921.611,1.90062
1680,0.168,780.205,921.631,1.9006
1681,0.1681,780.2,921.65,1.90058
1682,0.1682,780.196,921.67,1.90056
1683,0.1683,780.192,921.69,1.90054
1684,0.1684,780.187,921.71,1.90053
1685,0.1685,780.183,921.73,1.90051
1686,0.1686,780.179,921.75,1.90049
1687,0.1687,780.174,921.769,1.90047
1688,0.1688,780.17,921.789,1.90045
1689,0.1689,780.165,921.809,1.90044
1690,0.169,780.161,921.828,1.90042
1691,0.1691,780.156,921.848,1.9004
1692,0.1692,780.152,921.867,1.90038
1693,0.1693,780.147,921.887,1.90036
1694,0.1694,780.143,921.906,1.90035
1695,0.1695,780.138,921.926,1.90033
1696,0.1696,780.134,921.945,1.90031
1697,0.1697,780.129,921.964,1.90029
1698,0.1698,780.125,921.984,1.90027
1699,0.1699,780.12,922.003,1.90026
1700,0.17,780.115,922.022,1.90024
1701,0.1701,780.111,922.042,1.90022
1702,0.1702,780.106,922.061,1.9002
1703,0.1703,780.101,922.08,1.90018
1704,0.1704,780.097,922.099,1.90017
1705,0.1705,780.092,922.118,1.90015
1706,0.1706,780.087,922.137,1.90013
1707,0.1707,780.082,922.156,1.90011
1708,0.1708,780.078,922.175,1.90009
1709,0.1709,780.073,922.194,1.90008
1710,0.171,780.068,922.213,1.90006
1711,0.1711,780.063,922.232,1.90004
1712,0.1712,780.058,922.251,1.90002
1713,0.1713,780.053,922.269,1.9
1714,0.1714,780.048,922.288,1.89999
1715,0.1715,780.044,922.307,1.89997
1716,0.1716,780.039,922.326,1.89995
1717,0.1717,780.034,922.344,1.89993
1718,0.1718,780.029,922.363,1.89991
1719,0.1719,780.024,922.381,1.8999
1720,0.172,780.019,922.4,1.89988
1721,0.1721,780.014,922.419,1.89986
1722,0.1722,780.009,922.437,1.89984
1723,0.1723,780.004,922.455,1.89983
1724,0.1724,779.999,922.474,1.89981
1725,0.1725,779.994,922.492,1.89979
1726,0.1726,779.988,922.511,1.89977
1727,0.1727,779.983,922.529,1.89975
1728,0.1728,779.978,922.547,1.89974
1729,0.1729,779.973,922.565,1.89972
1730,0.173,779.968,922.584,1.8997
1731,0.1731,779.963,922.602,1.89968
1732,0.1732,779.957,922.62,1.89967
1733,0.1733,779.952,922.638,1.89965
1734,0.1734,779.947,922.656,1.89963
1735,0.1735,779.942,922.674,1.89961
1736,0.1736,779.936,922.692,1.8996
1737,0.1737,779.931,922.71,1.89958
1738,0.1738,779.926,922.728,1.89956
1739,0.1739,779.92,922.746,1.89954
1740,0.174,779.915,922.764,1.89952
1741,0.1741,779.91,922.782,1.89951
1742,0.1742,779.904,922.799,1.89949
1743,0.1743,779.899,922.817,1.89947
1744,0.1744,779.893,922.835,1.89945
1745,0.1745,779.888,922.852,1.89944
1746,0.1746,779.883,922.87,1.89942
1747,0.1747,779.877,922.888,1.8994
1748,0.1748,779.872,922.905,1.89938
1749,0.1749,779.866,922.923,1.89937
1750,0.175,779.861,922.94,1.89935
1751,0.1751,779.855,922.958,1.89933
1752,0.1752,779.849,922.975,1.89931
1753,0.1753,779.844,922.993,1.8993
1754,0.1754,779.838,923.01,1.89928
1755,0.1755,779.833,923.027,1.89926
1756,0.1756,779.827,923.045,1.89924
1757,0.1757,779.821,923.062,1.89923
1758,0.1758,779.816,923.079,1.89921
1759,0.1759,779.81,923.096,1.89919
1760,0.176,779.804,923.114,1.89917
1761,0.1761,779.798,923.131,1.89916
1762,0.1762,779.793,923.148,1.89914
1763,0.1763,779.787,923.165,1.89912
1764,0.1764,779.781,923.182,1.8991
1765,0.1765,779.775,923.199,1.89909
1766,0.1766,779.769,923.216,1.89907
1767,0.1767,779.764,923.233,1.89905
1768,0.1768,779.758,923.25,1.89903
1769,0.1769,779.752,923.266,1.89902
1770,0.177,779.746,923.283,1.899
1771,0.1771,779.74,923.3,1.89898
1772,0.1772,779.734,923.317,1.89896
1773,0.1773,779.728,923.334,1.89895
1774,0.1774,779.722,923.35,1.89893
1775,0.1775,779.716,923.367,1.89891
1776,0.1776,779.71,923.383,1.89889
1777,0.1777,779.704,923.4,1.89888
1778,0.1778,779.698,923.417,1.89886
1779,0.1779,779.692,923.433,1.89884
1780,0.178,779.686,923.45,1.89882
1781,0.1781,779.68,923.466,1.89881
1782,0.1782,779.674,923.482,1.89879
1783,0.1783,779.667,923.499,1.89877
1784,0.1784,779.661,923.515,1.89876
1785,0.1785,779.655,923.531,1.89874
1786,0.1786,779.649,923.548,1.89872
1787,0.1787,779.643,923.564,1.8987
1788,0.1788,779.636,923.58,1.89869
1789,0.1789,779.63,923.596,1.89867
1790,0.179,779.624,923.612,1.89865
1791,0.1791,779.617,923.628,1.89863
1792,0.1792,779.611,923.645,1.89862
1793,0.1793,779.605,923.661,1.8986
1794,0.1794,779.598,923.677,1.89858
1795,0.1795,779.592,923.692,1.89857
1796,0.1796,779.586,923.708,1.89855
1797,0.1797,779.579,923.724,1.89853
1798,0.1798,779.573,923.74,1.89851
1799,0.1799,779.566,923.756,1.8985
1800,0.18,779.56,923.772,1.89848
1801,0.1801,779.553,923.787,1.89846
1802,0.1802,779.547,923.803,1.89845
1803,0.1803,779.54,923.819,1.89843
1804,0.1804,779.534,923.835,1.89841
1805,0.1805,779.527,923.85,1.89839
1806,0.1806,779.521,923.866,1.89838
1807,0.1807,779.514,923.881,1.89836
1808,0.1808,779.507,923.897,1.89834
1809,0.1809,779.501,923.912,1.89833
1810,0.181,779.494,923.928,1.89831
1811,0.1811,779.487,923.943,1.89829
1812,0.1812,779.481,923.958,1.89827
1813,0.1813,779.474,923.974,1.89826
1814,0.1814,779.467,923.989,1.89824
1815,0.1815,779.461,924.004,1.89822
1816,0.1816,779.454,924.02,1.89821
1817,0.1817,779.447,924.035,1.89819
1818,0.1818,779.44,924.05,1.89817
1819,0.1819,779.433,924.065,1.89815
1820,0.182,779.427,924.08,1.89814
1821,0.1821,779.42,924.095,1.89812
1822,0.1822,779.413,924.11,1.8981
1823,0.1823,779.406,924.125,1.89809
1824,0.1824,779.399,924.14,1.89807
1825,0.1825,779.392,924.155,1.89805
1826,0.1826,779.385,924.17,1.89804
1827,0.1827,779.378,924.185,1.89802
1828,0.1828,779.371,924.2,1.898
1829,0.1829,779.364,924.215,1.89798
1830,0.183,779.357,924.229,1.89797
1831,0.1831,779.35,924.244,1.89795
1832,0.1832,779.343,924.259,1.89793
1833,0.1833,779.336,924.273,1.89792
1834,0.1834,779.329,924.288,1.8979
1835,0.1835,779.321,924.303,1.89788
1836,0.1836,779.314,924.317,1.89787
1837,0.1837,779.307,924.332,1.89785
1838,0.1838,779.3,924.346,1.89783
1839,0.1839,779.293,924.361,1.89782
1840,0.184,779.285,924.375,1.8978
1841,0.1841,779.278,924.39,1.89778
1842,0.1842,779.271,924.404,1.89776
1843,0.1843,779.264,924.418,1.89775
1844,0.1844,779.256,924.432,1.89773
1845,0.1845,779.249,924.447,1.89771
1846,0.1846,779.242,924.461,1.8977
1847,0.1847,779.234,924.475,1.89768
1848,0.1848,779.227,924.489,1.89766
1849,0.1849,779.219,924.503,1.89765
1850,0.185,779.212,924.517,1.89763
1851,0.1851,779.205,924.532,1.89761
1852,0.1852,779.197,924.546,1.8976
1853,0.1853,779.19,924.56,1.89758
1854,0.1854,779.182,924.573,1.89756
1855,0.1855,779.175,924.587,1.89755
1856,0.1856,779.167,924.601,1.89753
1857,0.1857,779.159,924.615,1.89751
1858,0.1858,779.152,924.629,1.8975
1859,0.1859,779.144,924.643,1.89748
1860,0.186,779.137,924.656,1.89746
1861,0.1861,779.129,924.67,1.89745
1862,0.1862,779.121,924.684,1.89743
1863,0.1863,779.114,924.697,1.89741
1864,0.1864,779.106,924.711,1.8974
1865,0.1865,779.098,924.725,1.89738
1866,0.1866,779.09,924.738,1.89736
1867,0.1867,779.083,924.752,1.89735
1868,0.1868,779.075,924.765,1.89733
1869,0.1869,779.067,924.779,1.89731
1870,0.187,779.059,924.792,1.8973
1871,0.1871,779.051,924.805,1.89728
1872,0.1872,779.044,924.819,1.89726
1873,0.1873,779.036,924.832,1.89725
1874,0.1874,779.028,924.845,1.89723
1875,0.1875,779.02,924.858,1.89721
1876,0.1876,779.012,924.872,1.8972
1877,0.1877,779.004,924.885,1.89718
1878,0.1878,778.996,924.898,1.89716
1879,0.1879,778.988,924.911,1.89715
1880,0.188,778.98,924.924,1.89713
1881,0.1881,778.972,924.937,1.89711
1882,0.1882,778.964,924.95,1.8971
1883,0.1883,778.956,924.963,1.89708
1884,0.1884,778.948,924.976,1.89706
1885,0.1885,778.94,924.989,1.89705
1886,0.1886,778.931,925.002,1.89703
1887,0.1887,778.923,925.015,1.89701
1888,0.1888,778.915,925.027,1.897
1889,0.1889,778.907,925.04,1.89698
1890,0.189,778.899,925.053,1.89696
1891,0.1891,778.891,925.066,1.89695
1892,0.1892,778.882,925.078,1.89693
1893,0.1893,778.874,925.091,1.89692
1894,0.1894,778.866,925.103,1.8969
1895,0.1895,778.857,925.116,1.89688
1896,0.1896,778.849,925.129,1.89687
1897,0.1897,778.841,925.141,1.89685
1898,0.1898,778.832,925.153,1.89683
1899,0.1899,778.824,925.166,1.89682
1900,0.19,778.815,925.178,1.8968
1901,0.1901,778.807,925.191,1.89678
1902,0.1902,778.799,925.203,1.89677
1903,0.1903,778.79,925.215,1.89675
1904,0.1904,778.782,925.227,1.89673
1905,0.1905,778.773,925.24,1.89672
1906,0.1906,778.765,925.252,1.8967
1907,0.1907,778.756,925.264,1.89669
1908,0.1908,778.747,925.276,1.89667
1909,0.1909,778.739,925.288,1.89665
1910,0.191,778.73,925.3,1.89664
1911,0.1911,778.722,925.312,1.89662
1912,0.1912,778.713,925.324,1.8966
1913,0.1913,778.704,925.336,1.89659
1914,0.1914,778.696,925.348,1.89657
1915,0.1915,778.687,925.36,1.89656
1916,0.1916,778.678,925.372,1.89654
1917,0.1917,778.669,925.384,1.89652
1918,0.1918,778.66,925.395,1.89651
1919,0.1919,778.652,925.407,1.89649
1920,0.192,778.643,925.419,1.89647
1921,0.1921,778.634,925.431,1.89646
1922,0.1922,778.625,925.442,1.89644
1923,0.1923,778.617,925.454,1.89643
1924,0.1924,778.607,925.465,1.89641
1925,0.1925,778.599,925.477,1.89639
1926,0.1926,778.589,925.488,1.89638
1927,0.1927,778.581,925.499,1.89636
1928,0.1928,778.571,925.51,1.89634
1929,0.1929,778.562,925.522,1.89633
1930,0.193,778.552,925.533,1.89631
1931,0.1931,778.546,925.547,1.8963
1932,0.1932,778.537,925.559,1.89628
1933,0.1933,778.532,925.573,1.89626
1934,0.1934,778.521,925.584,1.89625
1935,0.1935,778.515,925.597,1.89623
1936,0.1936,778.502,925.606,1.89621
1937,0.1937,778.495,925.617,1.8962
1938,0.1938,778.48,925.624,1.89618
1939,0.1939,778.471,925.633,1.89617
1940,0.194,778.457,925.641,1.89615
1941,0.1941,778.45,925.651,1.89613
1942,0.1942,778.435,925.658,1.89612
1943,0.1943,778.426,925.667,1.8961
1944,0.1944,778.412,925.675,1.89609
1945,0.1945,778.404,925.684,1.89607
1946,0.1946,778.388,925.69,1.89605
1947,0.1947,778.379,925.699,1.89604
1948,0.1948,778.365,925.707,1.89602
1949,0.1949,778.357,925.717,1.89601
1950,0.195,778.343,925.724,1.89599
1951,0.1951,778.334,925.733,1.89597
1952,0.1952,778.319,925.74,1.89596
1953,0.1953,778.31,925.749,1.89594
1954,0.1954,778.296,925.756,1.89593
1955,0.1955,778.287,925.764,1.89591
1956,0.1956,778.272,925.771,1.89589
1957,0.1957,778.263,925.78,1.89588
1958,0.1958,778.248,925.786,1.89586
1959,0.1959,778.239,925.795,1.89585
1960,0.196,778.224,925.802,1.89583
1961,0.1961,778.215,925.81,1.89581
1962,0.1962,778.2,925.817,1.8958
1963,0.1963,778.191,925.825,1.89578
1964,0.1964,778.176,925.832,1.89577
1965,0.1965,778.167,925.84,1.89575
1966,0.1966,778.152,925.846,1.89573
1967,0.1967,778.142,925.855,1.89572
1968,0.1968,778.128,925.861,1.8957
1969,0.1969,778.119,925.87,1.89569
1970,0.197,778.104,925.876,1.89567
1971,0.1971,778.094,925.884,1.89566
1972,0.1972,778.08,925.891,1.89564
1973,0.1973,778.071,925.9,1.89562
1974,0.1974,778.056,925.906,1.89561
1975,0.1975,778.046,925.915,1.89559
1976,0.1976,778.032,925.921,1.89558
1977,0.1977,778.023,925.929,1.89556
1978,0.1978,778.007,925.935,1.89554
1979,0.1979,777.997,925.943,1.89553
1980,0.198,777.983,925.949,1.89551
1981,0.1981,777.974,925.958,1.8955
1982,0.1982,777.959,925.964,1.89548
1983,0.1983,777.949,925.973,1.89547
1984,0.1984,777.935,925.979,1.89545
1985,0.1985,777.925,925.987,1.89543
1986,0.1986,777.91,925.993,1.89542
1987,0.1987,777.9,926,1.8954
1988,0.1988,777.885,926.006,1.89539
1989,0.1989,777.876,926.014,1.89537
1990,0.199,777.86,926.02,1.89536
1991,0.1991,777.85,926.027,1.89534
1992,0.1992,777.835,926.034,1.89532
1993,0.1993,777.826,926.042,1.89531
1994,0.1994,777.811,926.048,1.89529
1995,0.1995,777.802,926.056,1.89528
1996,0.1996,777.787,926.061,1.89526
1997,0.1997,777.777,926.069,1.89525
1998,0.1998,777.761,926.075,1.89523
1999,0.1999,777.751,926.082,1.89521
2000,0.2,777.736,926.088,1.8952
2001,0.2001,777.727,926.096,1.89518
2002,0.2002,777.711,926.101,1.89517
2003,0.2003,777.701,926.108,1.89515
2004,0.2004,777.686,926.114,1.89514
2005,0.2005,777.677,926.122,1.89512
2006,0.2006,777.662,926.128,1.89511
2007,0.2007,777.652,926.135,1.89509
2008,0.2008,777.636,926.14,1.89507
2009,0.2009,777.626,926.148,1.89506
2010,0.201,777.611,926.153,1.89504
2011,0.2011,777.601,926.16,1.89503
2012,0.2012,777.586,926.166,1.89501
2013,0.2013,777.576,926.173,1.895
2014,0.2014,777.56,926.178,1.89498
2015,0.2015,777.55,926.185,1.89497
2016,0.2016,777.535,926.19,1.89495
2017,0.2017,777.525,926.198,1.89493
2018,0.2018,777.509,926.203,1.89492
2019,0.2019,777.499,926.21,1.8949
2020,0.202,777.483,926.215,1.89489
2021,0.2021,777.473,926.222,1.89487
2022,0.2022,777.458,926.227,1.89486
2023,0.2023,777.448,926.234,1.89484
2024,0.2024,777.432,926.239,1.89483
2025,0.2025,777.422,926.246,1.89481
2026,0.2026,777.407,926.251,1.8948
2027,0.2027,777.396,926.258,1.89478
2028,0.2028,777.381,926.263,1.89476
2029,0.2029,777.371,926.27,1.89475
2030,0.203,777.355,926.275,1.89473
2031,0.2031,777.345,926.282,1.89472
2032,0.2032,777.329,926.287,1.8947
2033,0.2033,777.319,926.294,1.89469
2034,0.2034,777.303,926.298,1.89467
2035,0.2035,777.293,926.305,1.89466
2036,0.2036,777.277,926.31,1.89464
2037,0.2037,777.267,926.316,1.89463
2038,0.2038,777.251,926.321,1.89461
2039,0.2039,777.24,926.327,1.89459
2040,0.204,777.225,926.332,1.89458
2041,0.2041,777.215,926.339,1.89456
2042,0.2042,777.199,926.344,1.89455
2043,0.2043,777.188,926.35,1.89453
2044,0.2044,777.173,926.355,1.89452
2045,0.2045,777.162,926.361,1.8945
2046,0.2046,777.147,926.365,1.89449
2047,0.2047,777.136,926.372,1.89447
2048,0.2048,777.12,926.376,1.89446
2049,0.2049,777.11,926.383,1.89444
2050,0.205,777.094,926.387,1.89443
2051,0.2051,777.083,926.393,1.89441
2052,0.2052,777.068,926.398,1.8944
2053,0.2053,777.057,926.404,1.89438
2054,0.2054,777.041,926.408,1.89437
2055,0.2055,777.03,926.414,1.89435
2056,0.2056,777.014,926.419,1.89433
2057,0.2057,777.004,926.425,1.89432
2058,0.2058,776.988,926.429,1.8943
2059,0.2059,776.977,926.435,1.89429
2060,0.206,776.961,926.44,1.89427
2061,0.2061,776.95,926.446,1.89426
2062,0.2062,776.935,926.45,1.89424
2063,0.2063,776.923,926.455,1.89423
2064,0.2064,776.908,926.46,1.89421
2065,0.2065,776.897,926.466,1.8942
2066,0.2066,776.881,926.469,1.89418
2067,0.2067,776.87,926.475,1.89417
2068,0.2068,776.854,926.479,1.89415
2069,0.2069,776.843,926.485,1.89414
2070,0.207,776.827,926.489,1.89412
2071,0.2071,776.816,926.495,1.89411
2072,0.2072,776.8,926.499,1.89409
2073,0.2073,776.789,926.505,1.89408
2074,0.2074,776.773,926.508,1.89406
2075,0.2075,776.762,926.514,1.89405
2076,0.2076,776.746,926.518,1.89403
2077,0.2077,776.735,926.523,1.89402
2078,0.2078,776.719,926.527,1.894
2079,0.2079,776.707,926.532,1.89399
2080,0.208,776.692,926.536,1.89397
2081,0.2081,776.68,926.542,1.89396
2082,0.2082,776.664,926.545,1.89394
2083,0.2083,776.653,926.551,1.89393
2084,0.2084,776.637,926.555,1.89391
2085,0.2085,776.626,926.56,1.8939
2086,0.2086,776.61,926.563,1.89388
2087,0.2087,776.598,926.569,1.89387
2088,0.2088,776.582,926.572,1.89385
2089,0.2089,776.571,926.578,1.89384
2090,0.209,776.555,926.581,1.89382
2091,0.2091,776.543,926.586,1.89381
2092,0.2092,776.527,926.59,1.89379
2093,0.2093,776.516,926.595,1.89378
2094,0.2094,776.5,926.598,1.89376
2095,0.2095,776.488,926.603,1.89375
2096,0.2096,776.472,926.607,1.89373
2097,0.2097,776.46,926.612,1.89372
2098,0.2098,776.444,926.615,1.8937
2099,0.2099,776.432,926.62,1.89369
2100,0.21,776.416,926.623,1.89367
2101,0.2101,776.405,926.628,1.89366
2102,0.2102,776.389,926.631,1.89364
2103,0.2103,776.377,926.636,1.89363
2104,0.2104,776.361,926.639,1.89361
2105,0.2105,776.349,926.644,1.8936
2106,0.2106,776.333,926.647,1.89358
2107,0.2107,776.321,926.652,1.89357
2108,0.2108,776.305,926.655,1.89355
2109,0.2109,776.293,926.66,1.89354
2110,0.211,776.277,926.663,1.89352
2111,0.2111,776.265,926.668,1.89351
2112,0.2112,776.249,926.671,1.89349
2113,0.2113,776.236,926.675,1.89348
2114,0.2114,776.22,926.678,1.89346
2115,0.2115,776.208,926.683,1.89345
2116,0.2116,776.192,926.686,1.89343
2117,0.2117,776.18,926.69,1.89342
2118,0.2118,776.164,926.693,1.8934
2119,0.2119,776.152,926.697,1.89339
2120,0.212,776.135,926.7,1.89337
2121,0.2121,776.123,926.705,1.89336
2122,0.2122,776.107,926.707,1.89335
2123,0.2123,776.095,926.712,1.89333
2124,0.2124,776.079,926.714,1.89332
2125,0.2125,776.066,926.719,1.8933
2126,0.2126,776.05,926.721,1.89329
2127,0.2127,776.038,926.725,1.89327
2128,0.2128,776.022,926.728,1.89326
2129,0.2129,776.009,926.732,1.89324
2130,0.213,775.993,926.735,1.89323
2131,0.2131,775.98,926.739,1.89321
2132,0.2132,775.964,926.741,1.8932
2133,0.2133,775.952,926.745,1.89318
2134,0.2134,775.935,926.748,1.89317
2135,0.2135,775.923,926.752,1.89315
2136,0.2136,775.907,926.754,1.89314
2137,0.2137,775.894,926.758,1.89312
2138,0.2138,775.878,926.761,1.89311
2139,0.2139,775.865,926.764,1.8931
2140,0.214,775.849,926.767,1.89308
2141,0.2141,775.836,926.771,1.89307
2142,0.2142,775.82,926.773,1.89305
2143,0.2143,775.807,926.777,1.89304
2144,0.2144,775.791,926.779,1.89302
2145,0.2145,775.778,926.783,1.89301
2146,0.2146,775.762,926.785,1.89299
2147,0.2147,775.749,926.788,1.89298
2148,0.2148,775.732,926.791,1.89296
2149,0.2149,775.72,926.794,1.89295
2150,0.215,775.703,926.796,1.89293
2151,0.2151,775.69,926.8,1.89292
2152,0.2152,775.674,926.802,1.89291
2153,0.2153,775.661,926.805,1.89289
2154,0.2154,775.645,926.807,1.89288
2155,0.2155,775.632,926.811,1.89286
2156,0.2156,775.615,926.813,1.89285
2157,0.2157,775.602,926.816,1.89283
2158,0.2158,775.586,926.818,1.89282
2159,0.2159,775.573,926.821,1.8928
2160,0.216,775.556,926.823,1.89279
2161,0.2161,775.543,926.827,1.89277
2162,0.2162,775.527,926.828,1.89276
2163,0.2163,775.514,926.832,1.89275
2164,0.2164,775.497,926.834,1.89273
2165,0.2165,775.484,926.837,1.89272
2166,0.2166,775.468,926.839,1.8927
2167,0.2167,775.455,926.842,1.89269
2168,0.2168,775.438,926.844,1.89267
2169,0.2169,775.425,926.847,1.89266
2170,0.217,775.409,926.849,1.89264
2171,0.2171,775.396,926.852,1.89263
2172,0.2172,775.379,926.854,1.89262
2173,0.2173,775.366,926.857,1.8926
2174,0.2174,775.35,926.859,1.89259
2175,0.2175,775.337,926.862,1.89257
2176,0.2176,775.321,926.864,1.89256
2177,0.2177,775.307,926.867,1.89254
2178,0.2178,775.291,926.869,1.89253
2179,0.2179,775.278,926.872,1.89251
2180,0.218,775.262,926.874,1.8925
2181,0.2181,775.249,926.877,1.89249
2182,0.2182,775.233,926.88,1.89247
2183,0.2183,775.22,926.883,1.89246
2184,0.2184,775.204,926.885,1.89244
2185,0.2185,775.19,926.888,1.89243
2186,0.2186,775.175,926.89,1.89241
2187,0.2187,775.161,926.893,1.8924
2188,0.2188,775.146,926.895,1.89239
2189,0.2189,775.133,926.899,1.89237
2190,0.219,775.117,926.901,1.89236
2191,0.2191,775.104,926.904,1.89234
2192,0.2192,775.088,926.907,1.89233
2193,0.2193,775.075,926.91,1.89231
2194,0.2194,775.059,926.912,1.8923
2195,0.2195,775.046,926.916,1.89229
2196,0.2196,775.031,926.918,1.89227
2197,0.2197,775.018,926.922,1.89226
2198,0.2198,775.003,926.924,1.89224
2199,0.2199,774.99,926.928,1.89223
2200,0.22,774.974,926.93,1.89221
2201,0.2201,774.962,926.934,1.8922
2202,0.2202,774.946,926.936,1.89219
2203,0.2203,774.934,926.94,1.89217
2204,0.2204,774.918,926.943,1.89216
2205,0.2205,774.906,926.946,1.89214
2206,0.2206,774.891,926.949,1.89213
2207,0.2207,774.878,926.953,1.89211
2208,0.2208,774.863,926.956,1.8921
2209,0.2209,774.851,926.96,1.89209
2210,0.221,774.836,926.963,1.89207
2211,0.2211,774.823,926.967,1.89206
2212,0.2212,774.809,926.97,1.89204
2213,0.2213,774.796,926.974,1.89203
2214,0.2214,774.782,926.977,1.89201
2215,0.2215,774.769,926.981,1.892
2216,0.2216,774.755,926.985,1.89199
2217,0.2217,774.742,926.989,1.89197
2218,0.2218,774.728,926.992,1.89196
2219,0.2219,774.716,926.997,1.89194
2220,0.222,774.702,927,1.89193
2221,0.2221,774.69,927.005,1.89192
2222,0.2222,774.675,927.008,1.8919
2223,0.2223,774.663,927.013,1.89189
2224,0.2224,774.649,927.017,1.89187
2225,0.2225,774.637,927.021,1.89186
2226,0.2226,774.624,927.025,1.89185
2227,0.2227,774.612,927.03,1.89183
2228,0.2228,774.598,927.034,1.89182
2229,0.2229,774.586,927.039,1.8918
2230,0.223,774.573,927.043,1.89179
2231,0.2231,774.561,927.048,1.89177
2232,0.2232,774.547,927.052,1.89176
2233,0.2233,774.536,927.057,1.89175
2234,0.2234,774.522,927.061,1.89173
2235,0.2235,774.511,927.066,1.89172
2236,0.2236,774.497,927.071,1.8917
2237,0.2237,774.486,927.076,1.89169
2238,0.2238,774.473,927.08,1.89168
2239,0.2239,774.461,927.085,1.89166
2240,0.224,774.448,927.09,1.89165
2241,0.2241,774.437,927.095,1.89163
2242,0.2242,774.424,927.1,1.89162
2243,0.2243,774.413,927.105,1.89161
2244,0.2244,774.4,927.11,1.89159
2245,0.2245,774.389,927.115,1.89158
2246,0.2246,774.376,927.12,1.89156
2247,0.2247,774.365,927.126,1.89155
2248,0.2248,774.352,927.131,1.89154
2249,0.2249,774.341,927.136,1.89152
2250,0.225,774.328,927.141,1.89151
2251,0.2251,774.317,927.147,1.89149
2252,0.2252,774.304,927.152,1.89148
2253,0.2253,774.293,927.157,1.89147
2254,0.2254,774.281,927.162,1.89145
2255,0.2255,774.27,927.168,1.89144
2256,0.2256,774.257,927.173,1.89142
2257,0.2257,774.246,927.179,1.89141
2258,0.2258,774.234,927.184,1.8914
2259,0.2259,774.223,927.189,1.89138
2260,0.226,774.211,927.195,1.89137
2261,0.2261,774.2,927.201,1.89136
2262,0.2262,774.188,927.205,1.89134
2263,0.2263,774.174,927.208,1.89133
2264,0.2264,774.16,927.211,1.89131
2265,0.2265,774.145,927.212,1.8913
2266,0.2266,774.131,927.215,1.89129
2267,0.2267,774.116,927.216,1.89127
2268,0.2268,774.102,927.218,1.89126
2269,0.2269,774.087,927.22,1.89124
2270,0.227,774.073,927.222,1.89123
2271,0.2271,774.058,927.224,1.89122
2272,0.2272,774.044,927.226,1.8912
2273,0.2273,774.029,927.228,1.89119
2274,0.2274,774.015,927.23,1.89118
2275,0.2275,774,927.232,1.89116
2276,0.2276,773.986,927.234,1.89115
2277,0.2277,773.971,927.236,1.89113
2278,0.2278,773.958,927.238,1.89112
2279,0.2279,773.943,927.24,1.89111
2280,0.228,773.929,927.242,1.89109
2281,0.2281,773.914,927.244,1.89108
2282,0.2282,773.9,927.247,1.89107
2283,0.2283,773.886,927.249,1.89105
2284,0.2284,773.872,927.251,1.89104
2285,0.2285,773.857,927.253,1.89102
2286,0.2286,773.844,927.255,1.89101
2287,0.2287,773.829,927.257,1.891
2288,0.2288,773.815,927.26,1.89098
2289,0.2289,773.801,927.262,1.89097
2290,0.229,773.787,927.264,1.89096
2291,0.2291,773.772,927.266,1.89094
2292,0.2292,773.759,927.269,1.89093
2293,0.2293,773.744,927.271,1.89092
2294,0.2294,773.731,927.273,1.8909
2295,0.2295,773.716,927.275,1.89089
2296,0.2296,773.702,927.278,1.89087
2297,0.2297,773.688,927.28,1.89086
2298,0.2298,773.674,927.282,1.89085
2299,0.2299,773.66,927.285,1.89083
2300,0.23,773.646,927.287,1.89082
2301,0.2301,773.632,927.289,1.89081
2302,0.2302,773.618,927.291,1.89079
2303,0.2303,773.604,927.294,1.89078
2304,0.2304,773.59,927.296,1.89077
2305,0.2305,773.576,927.298,1.89075
2306,0.2306,773.562,927.3,1.89074
2307,0.2307,773.548,927.302,1.89072
2308,0.2308,773.534,927.305,1.89071
2309,0.2309,773.52,927.307,1.8907
2310,0.231,773.506,927.309,1.89068
2311,0.2311,773.492,927.311,1.89067
2312,0.2312,773.478,927.314,1.89066
2313,0.2313,773.466,927.318,1.89064
2314,0.2314,773.453,927.322,1.89063
2315,0.2315,773.44,927.325,1.89062
2316,0.2316,773.427,927.328,1.8906
2317,0.2317,773.413,927.331,1.89059
2318,0.2318,773.4,927.334,1.89058
2319,0.2319,773.387,927.337,1.89056
2320,0.232,773.373,927.34,1.89055
2321,0.2321,773.36,927.342,1.89053
2322,0.2322,773.346,927.345,1.89052
2323,0.2323,773.333,927.348,1.89051
2324,0.2324,773.319,927.35,1.89049
2325,0.2325,773.306,927.353,1.89048
2326,0.2326,773.292,927.356,1.89047
2327,0.2327,773.278,927.358,1.89045
2328,0.2328,773.265,927.361,1.89044
2329,0.2329,773.252,927.364,1.89043
2330,0.233,773.239,927.368,1.89041
2331,0.2331,773.226,927.371,1.8904
2332,0.2332,773.214,927.375,1.89039
2333,0.2333,773.201,927.378,1.89037
2334,0.2334,773.187,927.381,1.89036
2335,0.2335,773.174,927.384,1.89035
2336,0.2336,773.161,927.387,1.89033
2337,0.2337,773.149,927.391,1.89032
2338,0.2338,773.136,927.394,1.89031
2339,0.2339,773.123,927.397,1.89029
2340,0.234,773.11,927.4,1.89028
2341,0.2341,773.097,927.403,1.89027
2342,0.2342,773.084,927.406,1.89025
2343,0.2343,773.07,927.409,1.89024
2344,0.2344,773.057,927.412,1.89023
2345,0.2345,773.044,927.415,1.89021
2346,0.2346,773.031,927.418,1.8902
2347,0.2347,773.018,927.421,1.89019
2348,0.2348,773.005,927.424,1.89017
2349,0.2349,772.992,927.427,1.89016
2350,0.235,772.979,927.43,1.89015
2351,0.2351,772.966,927.433,1.89013
2352,0.2352,772.953,927.436,1.89012
2353,0.2353,772.94,927.439,1.89011
2354,0.2354,772.927,927.443,1.89009
2355,0.2355,772.914,927.446,1.89008
2356,0.2356,772.902,927.45,1.89007
2357,0.2357,772.89,927.454,1.89005
2358,0.2358,772.878,927.458,1.89004
2359,0.2359,772.867,927.463,1.89003
2360,0.236,772.855,927.468,1.89001
2361,0.2361,772.844,927.474,1.89
2362,0.2362,772.834,927.48,1.88999
2363,0.2363,772.824,927.486,1.88997
2364,0.2364,772.814,927.493,1.88996
2365,0.2365,772.805,927.5,1.88995
2366,0.2366,772.796,927.508,1.88993
2367,0.2367,772.787,927.517,1.88992
2368,0.2368,772.779,927.525,1.88991
2369,0.2369,772.771,927.534,1.88989
2370,0.237,772.764,927.544,1.88988
2371,0.2371,772.757,927.554,1.88987
2372,0.2372,772.75,927.564,1.88985
2373,0.2373,772.743,927.574,1.88984
2374,0.2374,772.737,927.585,1.88983
2375,0.2375,772.73,927.596,1.88981
2376,0.2376,772.724,927.607,1.8898
2377,0.2377,772.718,927.618,1.88979
2378,0.2378,772.712,927.629,1.88977
2379,0.2379,772.706,927.64,1.88976
2380,0.238,772.701,927.652,1.88975
2381,0.2381,772.695,927.663,1.88973
2382,0.2382,772.689,927.675,1.88972
2383,0.2383,772.684,927.686,1.88971
2384,0.2384,772.678,927.698,1.88969
2385,0.2385,772.673,927.71,1.88968
2386,0.2386,772.667,927.721,1.88967
2387,0.2387,772.662,927.733,1.88965
2388,0.2388,772.657,927.745,1.88964
2389,0.2389,772.651,927.757,1.88963
2390,0.239,772.646,927.769,1.88962
2391,0.2391,772.641,927.78,1.8896
2392,0.2392,772.635,927.792,1.88959
2393,0.2393,772.63,927.804,1.88958
2394,0.2394,772.625,927.816,1.88956
2395,0.2395,772.62,927.828,1.88955
2396,0.2396,772.615,927.84,1.88954
2397,0.2397,772.61,927.852,1.88952
2398,0.2398,772.604,927.864,1.88951
2399,0.2399,772.599,927.876,1.8895
2400,0.24,772.594,927.888,1.88948
2401,0.2401,772.589,927.9,1.88947
2402,0.2402,772.584,927.912,1.88946
2403,0.2403,772.579,927.924,1.88944
2404,0.2404,772.574,927.936,1.88943
2405,0.2405,772.569,927.948,1.88942
2406,0.2406,772.564,927.96,1.8894
2407,0.2407,772.559,927.972,1.88939
2408,0.2408,772.554,927.984,1.88938
2409,0.2409,772.549,927.996,1.88937
2410,0.241,772.544,928.008,1.88935
2411,0.2411,772.539,928.02,1.88934
2412,0.2412,772.534,928.032,1.88933
2413,0.2413,772.53,928.044,1.88931
2414,0.2414,772.525,928.056,1.8893
2415,0.2415,772.52,928.068,1.88929
2416,0.2416,772.515,928.08,1.88927
2417,0.2417,772.51,928.092,1.88926
2418,0.2418,772.505,928.104,1.88925
2419,0.2419,772.5,928.117,1.88923
2420,0.242,772.496,928.129,1.88922
2421,0.2421,772.491,928.141,1.88921
2422,0.2422,772.486,928.153,1.8892
2423,0.2423,772.481,928.165,1.88918
2424,0.2424,772.476,928.177,1.88917
2425,0.2425,772.472,928.189,1.88916
2426,0.2426,772.467,928.201,1.88914
2427,0.2427,772.462,928.213,1.88913
2428,0.2428,772.457,928.225,1.88912
2429,0.2429,772.453,928.237,1.8891
2430,0.243,772.448,928.249,1.88909
2431,0.2431,772.443,928.261,1.88908
2432,0.2432,772.438,928.273,1.88907
2433,0.2433,772.434,928.285,1.88905
2434,0.2434,772.429,928.297,1.88904
2435,0.2435,772.424,928.31,1.88903
2436,0.2436,772.42,928.322,1.88901
2437,0.2437,772.415,928.334,1.889
2438,0.2438,772.41,928.346,1.88899
2439,0.2439,772.405,928.358,1.88898
2440,0.244,772.401,928.37,1.88896
2441,0.2441,772.396,928.382,1.88895
2442,0.2442,772.391,928.394,1.88894
2443,0.2443,772.387,928.406,1.88892
2444,0.2444,772.382,928.418,1.88891
2445,0.2445,772.377,928.43,1.8889
2446,0.2446,772.373,928.442,1.88888
2447,0.2447,772.368,928.454,1.88887
2448,0.2448,772.363,928.466,1.88886
2449,0.2449,772.359,928.478,1.88885
2450,0.245,772.354,928.49,1.88883
2451,0.2451,772.349,928.502,1.88882
2452,0.2452,772.345,928.514,1.88881
2453,0.2453,772.34,928.526,1.88879
2454,0.2454,772.336,928.537,1.88878
2455,0.2455,772.331,928.549,1.88877
2456,0.2456,772.326,928.561,1.88876
2457,0.2457,772.322,928.573,1.88874
2458,0.2458,772.317,928.585,1.88873
2459,0.2459,772.312,928.597,1.88872
2460,0.246,772.308,928.609,1.88871
2461,0.2461,772.303,928.621,1.88869
2462,0.2462,772.299,928.633,1.88868
2463,0.2463,772.294,928.645,1.88867
2464,0.2464,772.289,928.656,1.88865
2465,0.2465,772.285,928.668,1.88864
2466,0.2466,772.28,928.68,1.88863
2467,0.2467,772.275,928.692,1.88862
2468,0.2468,772.271,928.704,1.8886
2469,0.2469,772.266,928.716,1.88859
2470,0.247,772.262,928.728,1.88858
2471,0.2471,772.257,928.739,1.88856
2472,0.2472,772.252,928.751,1.88855
2473,0.2473,772.248,928.763,1.88854
2474,0.2474,772.243,928.775,1.88853
2475,0.2475,772.239,928.786,1.88851
2476,0.2476,772.234,928.798,1.8885
2477,0.2477,772.229,928.81,1.88849
2478,0.2478,772.225,928.822,1.88848
2479,0.2479,772.22,928.833,1.88846
2480,0.248,772.216,928.845,1.88845
2481,0.2481,772.211,928.857,1.88844
2482,0.2482,772.206,928.869,1.88842
2483,0.2483,772.202,928.88,1.88841
2484,0.2484,772.197,928.892,1.8884
2485,0.2485,772.192,928.904,1.88839
2486,0.2486,772.188,928.915,1.88837
2487,0.2487,772.183,928.927,1.88836
2488,0.2488,772.179,928.939,1.88835
2489,0.2489,772.174,928.95,1.88834
2490,0.249,772.169,928.962,1.88832
2491,0.2491,772.165,928.973,1.88831
2492,0.2492,772.16,928.985,1.8883
2493,0.2493,772.156,928.997,1.88829
2494,0.2494,772.151,929.008,1.88827
2495,0.2495,772.146,929.02,1.88826
2496,0.2496,772.142,929.031,1.88825
2497,0.2497,772.137,929.043,1.88824
2498,0.2498,772.132,929.054,1.88822
2499,0.2499,772.128,929.066,1.88821
2500,0.25,772.123,929.077,1.8882
